{"stats":{"minecraft:killed_by":{"mutantmonsters:mutant_zombie":1},"minecraft:broken":{"minecraft:wooden_pickaxe":1,"minecraft:iron_axe":1,"minecraft:stone_axe":2,"minecraft:wooden_axe":1},"minecraft:killed":{"alexsmobs:raccoon":1,"minecraft:spider":2,"luminousworld:swallowtail":1,"minecraft:cod":11,"born_in_chaos_v1:maggot":1,"undead_revamp2:thebidy":1,"minecraft:drowned":1,"luminousworld:firefly":1,"minecraft:salmon":10,"minecraft:iron_golem":7,"born_in_chaos_v1:decrepit_skeleton":1,"minecraft:zombie":1,"enemyexpansion:botfly":1,"enemyexpansion:huntsman":1,"mutantmonsters:mutant_zombie":1},"minecraft:custom":{"minecraft:mob_kills":41,"minecraft:interact_with_crafting_table":36,"minecraft:open_barrel":3,"minecraft:bell_ring":210,"minecraft:leave_game":3,"minecraft:time_since_death":18055,"minecraft:sprint_one_cm":249982,"minecraft:walk_one_cm":400804,"minecraft:drop":48,"minecraft:talked_to_villager":29,"minecraft:play_time":278035,"minecraft:deaths":3,"minecraft:sneak_time":11640,"minecraft:walk_under_water_one_cm":22130,"minecraft:jump":2086,"minecraft:walk_on_water_one_cm":26822,"minecraft:total_world_time":278035,"minecraft:interact_with_furnace":30,"minecraft:traded_with_villager":14,"minecraft:sleep_in_bed":12,"minecraft:time_since_rest":4906,"minecraft:damage_taken":2037,"minecraft:damage_dealt":9612,"minecraft:swim_one_cm":82194,"minecraft:fly_one_cm":340212,"minecraft:open_chest":48,"minecraft:crouch_one_cm":45909,"tombstone:undead_killed":6,"minecraft:interact_with_smoker":1,"minecraft:fall_one_cm":40691},"minecraft:used":{"minecraft:beetroot":12,"minecraft:stone_shovel":93,"minecraft:spruce_slab":18,"minecraft:bone_block":15,"minecraft:chest":1,"minecraft:spruce_planks":512,"minecraft:iron_sword":43,"minecraft:cooked_salmon":4,"born_in_chaos_v1:fried_maggot":3,"minecraft:bell":2,"minecraft:cooked_chicken":2,"minecraft:iron_chestplate":1,"minecraft:torch":1,"minecraft:dirt":26,"minecraft:carrot":4,"ecologics:seashell":2,"minecraft:dark_oak_planks":7,"minecraft:wooden_axe":51,"quark:spruce_chest":2,"minecraft:iron_axe":283,"minecraft:tripwire_hook":7,"minecraft:sweet_berries":40,"mutantmonsters:hulk_hammer":10,"minecraft:furnace":3,"minecraft:cooked_cod":2,"tombstone:gift":1,"minecraft:pumpkin":1,"minecraft:water_bucket":2,"luminousworld:blackberry":6,"minecraft:wooden_pickaxe":36,"minecraft:fletching_table":2,"minecraft:blue_bed":5,"minecraft:sand":81,"minecraft:crafting_table":13,"minecraft:shears":32,"minecraft:spruce_log":4,"minecraft:lever":2,"minecraft:string":36,"minecraft:iron_pickaxe":133,"minecraft:spruce_trapdoor":7,"minecraft:spruce_sapling":8,"minecraft:stone_axe":289,"ecologics:coconut_slice":8,"minecraft:cobblestone":8,"minecraft:purple_bed":7,"minecraft:cooked_porkchop":1,"minecraft:grindstone":1,"minecraft:smithing_table":1,"minecraft:bucket":2,"minecraft:pumpkin_pie":3,"minecraft:bone_meal":10},"minecraft:mined":{"minecraft:dark_oak_planks":24,"minecraft:spruce_planks":95,"minecraft:mossy_cobblestone":3,"luminousworld:mossbuds_1":1,"minecraft:spruce_trapdoor":6,"minecraft:lever":1,"luminousworld:mossbuds_2":1,"minecraft:grass_block":5,"minecraft:spruce_leaves":33,"minecraft:kelp":1,"minecraft:composter":1,"minecraft:large_fern":1,"minecraft:tall_seagrass":1,"minecraft:pumpkin":3,"minecraft:fletching_table":1,"minecraft:bell":3,"minecraft:water_cauldron":2,"minecraft:dirt_path":1,"minecraft:stone":31,"minecraft:bone_block":52,"minecraft:spruce_slab":6,"minecraft:tripwire":21,"minecraft:brown_mushroom":3,"minecraft:glass_pane":1,"minecraft:kelp_plant":13,"minecraft:crafting_table":5,"minecraft:torch":2,"minecraft:chest":1,"minecraft:campfire":1,"minecraft:cobblestone":43,"minecraft:grindstone":4,"minecraft:blue_bed":5,"minecraft:purple_bed":7,"ecologics:seashell":2,"luminousworld:black_berry_stage_0":1,"minecraft:sweet_berry_bush":14,"minecraft:spruce_log":373,"minecraft:grass":1,"minecraft:sand":85,"minecraft:dirt":24,"minecraft:cobweb":1,"minecraft:tripwire_hook":5},"minecraft:picked_up":{"minecraft:spruce_leaves":12,"minecraft:charcoal":2,"minecraft:crafting_table":5,"luminousworld:blackberry":7,"minecraft:chicken":2,"minecraft:brown_mushroom":3,"ecologics:seashell":2,"minecraft:string":39,"minecraft:beetroot":12,"minecraft:spruce_planks":93,"minecraft:bucket":1,"minecraft:light_gray_wool":1,"minecraft:poppy":8,"minecraft:spruce_slab":6,"alexsmobs:raccoon_tail":1,"minecraft:chest":1,"minecraft:spruce_trapdoor":5,"minecraft:stick":12,"born_in_chaos_v1:shattered_skull":1,"ecologics:coconut_slice":8,"minecraft:composter":1,"minecraft:torch":1,"minecraft:carrot":10,"minecraft:cauldron":2,"minecraft:dark_oak_planks":21,"mutantmonsters:hulk_hammer":1,"artifacts:snorkel":1,"minecraft:arrow":1,"born_in_chaos_v1:fried_maggot":3,"minecraft:pumpkin_pie":3,"minecraft:shears":1,"minecraft:mutton":10,"minecraft:cod":9,"minecraft:bone_block":836,"minecraft:white_wool":4,"minecraft:cobblestone":73,"minecraft:tripwire_hook":5,"minecraft:salmon":9,"minecraft:blue_bed":5,"minecraft:dirt":27,"minecraft:bone":2,"minecraft:kelp":43,"minecraft:bell":3,"minecraft:grindstone":4,"minecraft:iron_ingot":28,"minecraft:fletching_table":1,"minecraft:cooked_porkchop":1,"minecraft:pumpkin":3,"minecraft:sweet_berries":28,"minecraft:sand":82,"minecraft:spruce_sapling":19,"minecraft:spruce_log":372,"minecraft:spider_eye":1,"minecraft:mossy_cobblestone":3,"minecraft:pumpkin_seeds":3,"minecraft:purple_bed":7,"minecraft:lever":1,"minecraft:bone_meal":2,"minecraft:gray_wool":1,"tombstone:magic_scroll":1},"minecraft:dropped":{"minecraft:stone_hoe":5,"born_in_chaos_v1:shattered_skull":1,"minecraft:cobblestone":3,"minecraft:stick":3,"minecraft:spruce_leaves":12,"minecraft:gray_wool":1,"tombstone:magic_scroll":1,"minecraft:mutton":10,"minecraft:bone_block":831,"minecraft:pumpkin":2,"minecraft:sand":1,"minecraft:dark_oak_planks":2,"minecraft:string":3,"alexsmobs:raccoon_tail":1,"minecraft:lever":1,"minecraft:light_gray_wool":1,"minecraft:shears":1,"minecraft:carrot":7,"minecraft:poppy":7,"minecraft:spruce_trapdoor":26,"minecraft:spruce_planks":89,"ecologics:coconut_husk":8,"minecraft:stone_pickaxe":2},"minecraft:crafted":{"minecraft:stone_shovel":1,"minecraft:tripwire_hook":2,"minecraft:cooked_chicken":2,"minecraft:furnace":3,"minecraft:bone_meal":591,"minecraft:lever":2,"minecraft:iron_axe":2,"minecraft:spruce_slab":54,"minecraft:stone_pickaxe":2,"quark:spruce_chest":2,"minecraft:stone_hoe":5,"minecraft:cooked_cod":9,"minecraft:emerald":7,"minecraft:crafting_table":8,"minecraft:spruce_planks":872,"minecraft:wooden_pickaxe":1,"minecraft:iron_sword":1,"minecraft:smithing_table":1,"minecraft:cooked_salmon":9,"minecraft:fletching_table":1,"minecraft:stone_axe":3,"minecraft:air":0,"minecraft:spruce_trapdoor":30,"minecraft:wooden_hoe":1,"minecraft:iron_chestplate":1,"minecraft:charcoal":51,"minecraft:stick":244,"minecraft:iron_ingot":5,"minecraft:iron_pickaxe":1,"minecraft:wooden_axe":1,"minecraft:torch":4,"minecraft:shears":3}},"DataVersion":3465}