{"stats":{"minecraft:killed_by":{"mutantmonsters:mutant_zombie":1},"minecraft:broken":{"minecraft:wooden_pickaxe":1,"minecraft:iron_axe":1,"minecraft:stone_axe":1,"minecraft:wooden_axe":1},"minecraft:killed":{"alexsmobs:raccoon":1,"minecraft:spider":2,"minecraft:cod":3,"undead_revamp2:thebidy":1,"minecraft:salmon":4,"minecraft:iron_golem":5,"born_in_chaos_v1:decrepit_skeleton":1,"minecraft:zombie":1,"enemyexpansion:botfly":1,"enemyexpansion:huntsman":1,"mutantmonsters:mutant_zombie":1},"minecraft:custom":{"minecraft:mob_kills":21,"minecraft:interact_with_crafting_table":29,"minecraft:bell_ring":210,"minecraft:leave_game":3,"minecraft:time_since_death":59011,"minecraft:sprint_one_cm":183623,"minecraft:walk_one_cm":317582,"minecraft:drop":13,"minecraft:talked_to_villager":16,"minecraft:play_time":128035,"minecraft:deaths":2,"minecraft:sneak_time":10160,"minecraft:walk_under_water_one_cm":10250,"minecraft:jump":1487,"minecraft:walk_on_water_one_cm":20334,"minecraft:total_world_time":128035,"minecraft:interact_with_furnace":25,"minecraft:sleep_in_bed":8,"minecraft:time_since_rest":11495,"minecraft:damage_taken":1562,"minecraft:damage_dealt":7582,"minecraft:swim_one_cm":16639,"minecraft:fly_one_cm":228650,"minecraft:open_chest":20,"minecraft:crouch_one_cm":40520,"tombstone:undead_killed":5,"minecraft:fall_one_cm":27551},"minecraft:used":{"minecraft:stone_shovel":93,"minecraft:spruce_slab":10,"minecraft:chest":1,"minecraft:spruce_planks":483,"minecraft:iron_sword":12,"minecraft:cooked_salmon":3,"born_in_chaos_v1:fried_maggot":3,"minecraft:bell":2,"minecraft:cooked_chicken":2,"minecraft:iron_chestplate":1,"minecraft:torch":1,"minecraft:dirt":26,"minecraft:carrot":2,"ecologics:seashell":2,"minecraft:wooden_axe":51,"quark:spruce_chest":2,"minecraft:iron_axe":220,"minecraft:tripwire_hook":7,"minecraft:sweet_berries":40,"mutantmonsters:hulk_hammer":10,"minecraft:furnace":3,"minecraft:cooked_cod":2,"tombstone:gift":1,"minecraft:pumpkin":1,"minecraft:water_bucket":2,"luminousworld:blackberry":6,"minecraft:wooden_pickaxe":36,"minecraft:blue_bed":5,"minecraft:sand":81,"minecraft:crafting_table":12,"minecraft:shears":18,"minecraft:spruce_log":4,"minecraft:lever":2,"minecraft:string":36,"minecraft:iron_pickaxe":51,"minecraft:spruce_trapdoor":7,"minecraft:spruce_sapling":4,"minecraft:stone_axe":171,"ecologics:coconut_slice":8,"minecraft:cobblestone":8,"minecraft:purple_bed":7,"minecraft:cooked_porkchop":1,"minecraft:grindstone":1,"minecraft:bucket":2,"minecraft:bone_meal":3},"minecraft:mined":{"minecraft:spruce_planks":71,"luminousworld:mossbuds_1":1,"minecraft:spruce_trapdoor":3,"minecraft:lever":1,"luminousworld:mossbuds_2":1,"minecraft:grass_block":4,"minecraft:spruce_leaves":13,"minecraft:composter":1,"minecraft:large_fern":1,"minecraft:pumpkin":2,"minecraft:bell":3,"minecraft:water_cauldron":2,"minecraft:dirt_path":1,"minecraft:stone":31,"minecraft:spruce_slab":5,"minecraft:tripwire":21,"minecraft:brown_mushroom":3,"minecraft:kelp_plant":1,"minecraft:crafting_table":4,"minecraft:torch":1,"minecraft:chest":1,"minecraft:cobblestone":17,"minecraft:grindstone":4,"minecraft:blue_bed":5,"minecraft:purple_bed":7,"ecologics:seashell":2,"luminousworld:black_berry_stage_0":1,"minecraft:sweet_berry_bush":14,"minecraft:spruce_log":267,"minecraft:grass":1,"minecraft:sand":85,"minecraft:dirt":22,"minecraft:cobweb":1,"minecraft:tripwire_hook":5},"minecraft:picked_up":{"minecraft:crafting_table":4,"luminousworld:blackberry":7,"minecraft:chicken":2,"minecraft:brown_mushroom":3,"ecologics:seashell":2,"minecraft:string":39,"minecraft:beetroot":12,"minecraft:spruce_planks":69,"minecraft:bucket":1,"minecraft:light_gray_wool":1,"minecraft:poppy":8,"minecraft:spruce_slab":5,"alexsmobs:raccoon_tail":1,"minecraft:chest":1,"minecraft:spruce_trapdoor":3,"minecraft:stick":8,"born_in_chaos_v1:shattered_skull":1,"ecologics:coconut_slice":8,"minecraft:composter":1,"minecraft:carrot":10,"minecraft:cauldron":2,"mutantmonsters:hulk_hammer":1,"minecraft:arrow":1,"born_in_chaos_v1:fried_maggot":3,"minecraft:pumpkin_pie":3,"minecraft:shears":1,"minecraft:mutton":10,"minecraft:cod":2,"minecraft:white_wool":4,"minecraft:cobblestone":47,"minecraft:tripwire_hook":5,"minecraft:salmon":3,"minecraft:blue_bed":5,"minecraft:dirt":27,"minecraft:bone":1,"minecraft:bell":3,"minecraft:grindstone":4,"minecraft:iron_ingot":20,"minecraft:cooked_porkchop":1,"minecraft:pumpkin":2,"minecraft:sweet_berries":28,"minecraft:sand":82,"minecraft:spruce_sapling":17,"minecraft:spruce_log":266,"minecraft:spider_eye":1,"minecraft:pumpkin_seeds":3,"minecraft:purple_bed":7,"minecraft:lever":1,"minecraft:gray_wool":1,"tombstone:magic_scroll":1},"minecraft:dropped":{"tombstone:magic_scroll":1,"minecraft:mutton":10,"minecraft:pumpkin":1,"minecraft:sand":1,"minecraft:string":2,"minecraft:shears":1,"minecraft:poppy":4,"minecraft:spruce_planks":64,"ecologics:coconut_husk":8},"minecraft:crafted":{"minecraft:stone_shovel":1,"minecraft:tripwire_hook":2,"minecraft:cooked_chicken":2,"minecraft:furnace":3,"minecraft:bone_meal":3,"minecraft:lever":2,"minecraft:iron_axe":1,"minecraft:spruce_slab":42,"quark:spruce_chest":2,"minecraft:cooked_cod":2,"minecraft:crafting_table":8,"minecraft:spruce_planks":756,"minecraft:wooden_pickaxe":1,"minecraft:iron_sword":1,"minecraft:cooked_salmon":3,"minecraft:stone_axe":2,"minecraft:air":0,"minecraft:spruce_trapdoor":30,"minecraft:iron_chestplate":1,"minecraft:charcoal":51,"minecraft:stick":12,"minecraft:iron_ingot":5,"minecraft:iron_pickaxe":1,"minecraft:wooden_axe":1,"minecraft:torch":4,"minecraft:shears":3}},"DataVersion":3465}