{"stats":{"minecraft:killed_by":{"undead_revamp2:thehunter":1},"minecraft:killed":{"illagerinvasion:archivist":1,"earthmobsmod:duck":5,"earthmobsmod:hyper_rabbit":1,"earthmobsmod:jumbo_rabbit":6,"alexsmobs:raccoon":1,"minecraft:vindicator":1,"illagerinvasion:marauder":2,"luminousworld:frost_bitten_skeleton":1,"alexsmobs:tasmanian_devil":1,"enemyexpansion:direwolf":1,"born_in_chaos_v1:maggot":9,"creeperoverhaul:snowy_creeper":1,"minecraft:skeleton":7,"minecraft:chicken":5,"earthmobsmod:teacup_pig":3,"undead_revamp2:sucker":1,"minecraft:pig":2,"undead_revamp2:the_moonflower":2,"illagerinvasion:alchemist":1,"minecraft:sheep":4,"minecraft:zombie":54,"born_in_chaos_v1:corpse_fly":2,"enemyexpansion:botfly":10},"minecraft:custom":{"minecraft:mob_kills":124,"minecraft:interact_with_crafting_table":33,"minecraft:open_barrel":2,"minecraft:leave_game":3,"minecraft:time_since_death":6293,"minecraft:climb_one_cm":18281,"minecraft:sprint_one_cm":441189,"minecraft:walk_one_cm":336842,"minecraft:damage_blocked_by_shield":50,"minecraft:drop":49,"minecraft:damage_dealt_absorbed":79,"minecraft:play_time":163767,"minecraft:deaths":1,"minecraft:sneak_time":9706,"minecraft:walk_under_water_one_cm":14385,"minecraft:jump":2618,"minecraft:interact_with_brewingstand":1,"minecraft:walk_on_water_one_cm":18196,"minecraft:total_world_time":163767,"minecraft:interact_with_furnace":26,"tombstone:raider_killed":5,"minecraft:tune_noteblock":5,"minecraft:sleep_in_bed":3,"minecraft:time_since_rest":4277,"minecraft:damage_taken":3311,"minecraft:damage_absorbed":80,"minecraft:damage_dealt":20623,"minecraft:swim_one_cm":16158,"minecraft:fly_one_cm":565884,"minecraft:open_chest":41,"minecraft:crouch_one_cm":21953,"tombstone:undead_killed":65,"minecraft:interact_with_smoker":27,"minecraft:fall_one_cm":53306},"minecraft:used":{"minecraft:stone_sword":83,"minecraft:iron_shovel":52,"minecraft:chest":1,"minecraft:spruce_planks":6,"minecraft:shield":1,"minecraft:iron_sword":236,"minecraft:cooked_chicken":11,"born_in_chaos_v1:fried_maggot":2,"minecraft:rotten_flesh":1,"minecraft:iron_chestplate":1,"minecraft:torch":21,"minecraft:dirt":23,"minecraft:white_carpet":11,"minecraft:snowball":22,"minecraft:iron_axe":66,"minecraft:iron_helmet":1,"minecraft:stone_brick_stairs":1,"minecraft:stone_bricks":7,"minecraft:sweet_berries":109,"minecraft:furnace":4,"tombstone:gift":6,"minecraft:skeleton_skull":1,"minecraft:potato":2,"minecraft:cobbled_deepslate":2,"minecraft:iron_leggings":1,"minecraft:cooked_mutton":7,"minecraft:water_bucket":56,"minecraft:spruce_door":1,"minecraft:oak_planks":19,"minecraft:stone_pickaxe":89,"minecraft:wooden_pickaxe":51,"minecraft:cookie":5,"minecraft:golden_apple":2,"minecraft:crafting_table":8,"minecraft:magenta_bed":2,"minecraft:black_bed":2,"minecraft:smoker":4,"minecraft:zombie_head":1,"minecraft:bread":9,"minecraft:iron_pickaxe":135,"minecraft:spruce_sapling":2,"minecraft:stone_axe":96,"minecraft:cobblestone":110,"minecraft:cooked_porkchop":6,"minecraft:cooked_rabbit":3,"minecraft:bucket":57,"alexsmobs:animal_dictionary":1,"minecraft:experience_bottle":1},"minecraft:mined":{"minecraft:dark_prismarine":5,"minecraft:spruce_planks":1,"luminousworld:yellowpetunias":1,"luminousworld:grassvariant_4":1,"luminousworld:mossbuds_1":1,"minecraft:brewing_stand":1,"luminousworld:mossbuds_2":1,"minecraft:grass_block":8,"luminousworld:grassvariant_2":3,"luminousworld:clovers_2":1,"minecraft:spruce_leaves":8,"luminousworld:groundpebbles_3":4,"minecraft:smooth_stone":2,"minecraft:furnace":5,"minecraft:iron_ore":20,"minecraft:fire":1,"minecraft:snow":2,"luminousworld:mossbuds_3":1,"minecraft:deepslate_lapis_ore":1,"minecraft:bookshelf":22,"minecraft:deepslate_iron_ore":11,"minecraft:rail":1,"luminousworld:groundpebbles_2":1,"minecraft:stone":111,"luminousworld:blueberrybush":1,"minecraft:smoker":5,"minecraft:snow_block":5,"minecraft:dandelion":1,"minecraft:powder_snow":2,"minecraft:clay":6,"minecraft:oak_fence":3,"minecraft:crafting_table":8,"minecraft:chest":2,"minecraft:tall_grass":2,"minecraft:cobblestone":26,"minecraft:sugar_cane":7,"minecraft:oak_planks":13,"minecraft:bricks":6,"minecraft:diorite":10,"minecraft:wall_torch":2,"minecraft:coarse_dirt":1,"placeablesmod:cooked_mutton_block":1,"minecraft:sweet_berry_bush":29,"minecraft:magenta_bed":2,"minecraft:spruce_log":20,"minecraft:white_carpet":10,"minecraft:black_bed":3,"minecraft:stone_brick_stairs":1,"minecraft:grass":10,"minecraft:oak_log":5,"minecraft:coal_ore":30,"minecraft:zombie_head":1,"minecraft:dirt":60,"luminousworld:grassvariant_3":3,"minecraft:cobweb":8,"minecraft:cracked_stone_bricks":1,"minecraft:stone_bricks":13,"minecraft:oak_leaves":1,"minecraft:deepslate":2,"minecraft:fern":1},"minecraft:picked_up":{"luminousworld:groundpebbles_1":5,"minecraft:crafting_table":7,"minecraft:chicken":10,"minecraft:clay_ball":20,"minecraft:chest_minecart":1,"minecraft:stone_brick_stairs":1,"minecraft:brewing_stand":1,"minecraft:string":10,"minecraft:iron_leggings":1,"minecraft:white_carpet":13,"minecraft:zombie_head":1,"minecraft:cracked_stone_bricks":2,"minecraft:cobbled_deepslate":2,"minecraft:spruce_planks":2,"minecraft:light_gray_wool":1,"minecraft:sugar_cane":14,"minecraft:chest":2,"minecraft:furnace":5,"minecraft:raw_iron":31,"minecraft:oak_fence":3,"minecraft:torch":3,"minecraft:porkchop":7,"minecraft:cookie":5,"tombstone:grave_dust":2,"minecraft:diorite":26,"minecraft:rabbit_foot":6,"minecraft:rotten_flesh":10,"tombstone:essence_of_undeath":1,"minecraft:gold_ingot":5,"minecraft:mutton":8,"minecraft:bone_block":13,"minecraft:snowball":22,"minecraft:rail":2,"minecraft:skeleton_skull":1,"minecraft:white_wool":2,"minecraft:cobblestone":136,"born_in_chaos_v1:corpse_maggot":9,"minecraft:air":0,"minecraft:feather":11,"minecraft:brown_wool":3,"minecraft:black_bed":3,"minecraft:leather":3,"minecraft:smoker":4,"minecraft:potato":1,"minecraft:filled_map":1,"minecraft:oak_log":5,"minecraft:magenta_bed":2,"minecraft:lapis_lazuli":4,"minecraft:map":1,"minecraft:dirt":73,"minecraft:cooked_mutton":1,"minecraft:bone":5,"minecraft:stone_bricks":13,"minecraft:wheat_seeds":1,"minecraft:rabbit_hide":15,"minecraft:iron_ingot":7,"minecraft:rabbit":3,"minecraft:iron_sword":8,"minecraft:oak_planks":11,"minecraft:book":62,"endrem:witch_pupil":1,"minecraft:sweet_berries":65,"minecraft:spruce_sapling":2,"minecraft:spruce_log":20,"minecraft:dark_prismarine":5,"minecraft:polished_andesite":1,"minecraft:chainmail_helmet":1,"tombstone:magic_scroll":2,"minecraft:bricks":6,"minecraft:coal":200},"minecraft:dropped":{"minecraft:iron_sword":2,"minecraft:wheat_seeds":1,"endrem:witch_pupil":1,"minecraft:oak_fence":3,"minecraft:feather":16,"minecraft:cobblestone":6,"minecraft:chest_minecart":1,"minecraft:cracked_stone_bricks":2,"minecraft:copper_ingot":1,"minecraft:polished_andesite":1,"minecraft:dirt":12,"minecraft:diorite":8,"minecraft:brown_wool":3,"minecraft:paper":2,"minecraft:string":4,"minecraft:white_wool":3,"minecraft:white_carpet":2,"minecraft:light_gray_wool":2,"minecraft:clay_ball":20,"minecraft:oak_planks":6,"luminousworld:groundpebbles_1":5,"minecraft:wooden_pickaxe":1,"minecraft:stone_pickaxe":1},"minecraft:crafted":{"minecraft:oak_planks":20,"minecraft:cooked_chicken":10,"minecraft:furnace":1,"minecraft:leather":3,"minecraft:iron_axe":1,"born_in_chaos_v1:fried_maggot":2,"minecraft:stone_pickaxe":1,"minecraft:cooked_rabbit":3,"sophisticatedbackpacks:backpack":1,"minecraft:cooked_porkchop":7,"minecraft:crafting_table":1,"minecraft:spruce_planks":52,"minecraft:wooden_pickaxe":1,"minecraft:iron_helmet":1,"minecraft:iron_sword":1,"minecraft:spruce_door":3,"minecraft:bucket":1,"minecraft:stone_axe":1,"minecraft:air":0,"minecraft:iron_chestplate":1,"minecraft:shield":1,"quark:oak_chest":1,"minecraft:stick":20,"minecraft:iron_ingot":26,"minecraft:iron_pickaxe":1,"minecraft:stone_sword":1,"minecraft:iron_shovel":1,"minecraft:iron_leggings":1,"minecraft:torch":8}},"DataVersion":3465}