{"stats":{"minecraft:killed":{"undead_revamp2:the_moonflower":1,"minecraft:chicken":1,"born_in_chaos_v1:corpse_fly":2},"minecraft:custom":{"minecraft:interact_with_furnace":7,"minecraft:mob_kills":4,"minecraft:interact_with_crafting_table":16,"minecraft:leave_game":1,"minecraft:time_since_death":27922,"minecraft:climb_one_cm":675,"minecraft:time_since_rest":27922,"minecraft:sprint_one_cm":70434,"minecraft:damage_taken":380,"minecraft:walk_one_cm":63384,"minecraft:damage_dealt":457,"minecraft:swim_one_cm":6206,"minecraft:fly_one_cm":53814,"minecraft:open_chest":2,"minecraft:crouch_one_cm":3584,"minecraft:play_time":27922,"tombstone:undead_killed":1,"minecraft:sneak_time":1436,"minecraft:walk_under_water_one_cm":3840,"minecraft:jump":397,"minecraft:walk_on_water_one_cm":1707,"minecraft:total_world_time":27922,"minecraft:fall_one_cm":11494},"minecraft:used":{"minecraft:water_bucket":12,"minecraft:stone_sword":19,"minecraft:stone_pickaxe":76,"minecraft:oak_planks":4,"minecraft:wooden_pickaxe":51,"minecraft:cooked_chicken":1,"minecraft:rotten_flesh":1,"minecraft:torch":8,"minecraft:dirt":3,"minecraft:crafting_table":3,"minecraft:spruce_sapling":2,"minecraft:stone_bricks":1,"minecraft:stone_axe":32,"minecraft:cobblestone":30,"minecraft:sweet_berries":52,"minecraft:furnace":2,"minecraft:bucket":13,"alexsmobs:animal_dictionary":1,"minecraft:cobbled_deepslate":2},"minecraft:mined":{"luminousworld:blueberrybush":1,"luminousworld:mossbuds_1":1,"minecraft:crafting_table":4,"luminousworld:mossbuds_2":1,"minecraft:grass_block":2,"minecraft:chest":1,"minecraft:spruce_leaves":6,"minecraft:sugar_cane":7,"minecraft:oak_planks":4,"luminousworld:groundpebbles_3":4,"minecraft:furnace":2,"minecraft:iron_ore":14,"minecraft:sweet_berry_bush":21,"minecraft:spruce_log":13,"minecraft:coal_ore":24,"minecraft:oak_log":5,"minecraft:deepslate_iron_ore":1,"minecraft:rail":1,"minecraft:dirt":1,"minecraft:stone_bricks":1,"minecraft:stone":74,"minecraft:oak_leaves":1,"minecraft:deepslate":2},"minecraft:picked_up":{"born_in_chaos_v1:corpse_maggot":2,"luminousworld:groundpebbles_1":4,"minecraft:crafting_table":4,"minecraft:chicken":1,"minecraft:chest_minecart":1,"minecraft:oak_log":5,"minecraft:dirt":3,"minecraft:stone_bricks":1,"minecraft:cobbled_deepslate":2,"minecraft:iron_ingot":5,"minecraft:sugar_cane":14,"minecraft:chest":1,"minecraft:oak_planks":4,"minecraft:furnace":2,"minecraft:raw_iron":15,"minecraft:sweet_berries":45,"minecraft:torch":1,"minecraft:spruce_sapling":2,"minecraft:spruce_log":13,"minecraft:rotten_flesh":5,"minecraft:coal":29,"minecraft:rail":1,"minecraft:cobblestone":74},"minecraft:crafted":{"minecraft:spruce_planks":28,"minecraft:wooden_pickaxe":1,"minecraft:cooked_chicken":1,"minecraft:furnace":1,"minecraft:bucket":1,"minecraft:stone_axe":1,"minecraft:air":0,"minecraft:shield":1,"minecraft:stick":20,"minecraft:iron_ingot":9,"minecraft:stone_pickaxe":1,"minecraft:stone_sword":1,"minecraft:torch":8}},"DataVersion":3465}