{"stats":{"minecraft:killed":{"minecraft:chicken":1,"born_in_chaos_v1:corpse_fly":2,"undead_revamp2:the_moonflower":1},"minecraft:custom":{"minecraft:time_since_rest":16228,"minecraft:interact_with_furnace":2,"minecraft:sprint_one_cm":44324,"minecraft:damage_taken":320,"minecraft:walk_one_cm":39533,"minecraft:mob_kills":4,"minecraft:damage_dealt":457,"minecraft:swim_one_cm":6206,"minecraft:interact_with_crafting_table":7,"minecraft:fly_one_cm":33923,"minecraft:open_chest":2,"minecraft:crouch_one_cm":1399,"minecraft:play_time":16228,"tombstone:undead_killed":1,"minecraft:sneak_time":696,"minecraft:walk_under_water_one_cm":1947,"minecraft:jump":226,"minecraft:leave_game":1,"minecraft:time_since_death":16228,"minecraft:walk_on_water_one_cm":1312,"minecraft:total_world_time":16228,"minecraft:fall_one_cm":9770},"minecraft:used":{"minecraft:water_bucket":5,"minecraft:stone_sword":11,"minecraft:stone_pickaxe":34,"minecraft:wooden_pickaxe":51,"minecraft:spruce_sapling":2,"minecraft:rotten_flesh":1,"minecraft:stone_axe":14,"minecraft:dirt":3,"minecraft:cobblestone":13,"minecraft:crafting_table":2,"minecraft:sweet_berries":30,"minecraft:furnace":1,"minecraft:bucket":6,"alexsmobs:animal_dictionary":1},"minecraft:mined":{"minecraft:iron_ore":6,"minecraft:sweet_berry_bush":15,"minecraft:spruce_log":13,"minecraft:crafting_table":2,"minecraft:grass_block":2,"minecraft:coal_ore":13,"minecraft:chest":1,"minecraft:dirt":1,"minecraft:spruce_leaves":6,"minecraft:stone":57,"minecraft:sugar_cane":7},"minecraft:picked_up":{"born_in_chaos_v1:corpse_maggot":2,"minecraft:raw_iron":6,"minecraft:crafting_table":2,"minecraft:chicken":1,"minecraft:sweet_berries":32,"minecraft:spruce_sapling":2,"minecraft:spruce_log":13,"minecraft:dirt":3,"minecraft:rotten_flesh":5,"minecraft:sugar_cane":14,"minecraft:chest":1,"minecraft:coal":13,"minecraft:cobblestone":57},"minecraft:crafted":{"minecraft:spruce_planks":28,"minecraft:stick":20,"minecraft:iron_ingot":3,"minecraft:wooden_pickaxe":1,"minecraft:stone_pickaxe":1,"minecraft:stone_sword":1,"minecraft:furnace":1,"minecraft:bucket":1,"minecraft:stone_axe":1,"minecraft:air":0}},"DataVersion":3465}