{"stats":{"minecraft:killed":{"illagerinvasion:archivist":1,"earthmobsmod:duck":5,"earthmobsmod:hyper_rabbit":1,"earthmobsmod:jumbo_rabbit":5,"alexsmobs:raccoon":1,"minecraft:vindicator":1,"illagerinvasion:marauder":1,"enemyexpansion:direwolf":1,"minecraft:chicken":5,"earthmobsmod:teacup_pig":3,"undead_revamp2:sucker":1,"minecraft:pig":2,"undead_revamp2:the_moonflower":2,"minecraft:sheep":4,"minecraft:zombie":1,"born_in_chaos_v1:corpse_fly":2},"minecraft:custom":{"minecraft:mob_kills":37,"minecraft:interact_with_crafting_table":32,"minecraft:open_barrel":2,"minecraft:leave_game":1,"minecraft:time_since_death":99922,"minecraft:climb_one_cm":18281,"minecraft:sprint_one_cm":220276,"minecraft:walk_one_cm":221882,"minecraft:drop":15,"minecraft:damage_dealt_absorbed":79,"minecraft:play_time":99922,"minecraft:sneak_time":3149,"minecraft:walk_under_water_one_cm":4329,"minecraft:jump":1139,"minecraft:walk_on_water_one_cm":5611,"minecraft:total_world_time":99922,"minecraft:interact_with_furnace":25,"tombstone:raider_killed":3,"minecraft:tune_noteblock":5,"minecraft:sleep_in_bed":3,"minecraft:time_since_rest":13193,"minecraft:damage_taken":1195,"minecraft:damage_dealt":4390,"minecraft:swim_one_cm":8429,"minecraft:fly_one_cm":180967,"minecraft:open_chest":19,"minecraft:crouch_one_cm":6226,"tombstone:undead_killed":4,"minecraft:interact_with_smoker":27,"minecraft:fall_one_cm":28075},"minecraft:used":{"minecraft:stone_sword":83,"minecraft:iron_shovel":23,"minecraft:chest":1,"minecraft:iron_sword":52,"born_in_chaos_v1:fried_maggot":2,"minecraft:cooked_chicken":6,"minecraft:rotten_flesh":1,"minecraft:iron_chestplate":1,"minecraft:torch":21,"minecraft:dirt":3,"minecraft:iron_helmet":1,"minecraft:stone_brick_stairs":1,"minecraft:stone_bricks":1,"minecraft:sweet_berries":66,"minecraft:furnace":4,"minecraft:cobbled_deepslate":2,"minecraft:iron_leggings":1,"minecraft:water_bucket":17,"minecraft:spruce_door":1,"minecraft:stone_pickaxe":89,"minecraft:oak_planks":14,"minecraft:wooden_pickaxe":51,"minecraft:crafting_table":7,"minecraft:magenta_bed":2,"minecraft:black_bed":2,"minecraft:smoker":4,"minecraft:bread":3,"minecraft:iron_pickaxe":68,"minecraft:spruce_sapling":2,"minecraft:stone_axe":73,"minecraft:cobblestone":80,"minecraft:cooked_porkchop":2,"minecraft:bucket":18,"minecraft:cooked_rabbit":2,"alexsmobs:animal_dictionary":1},"minecraft:mined":{"minecraft:dark_prismarine":5,"luminousworld:yellowpetunias":1,"luminousworld:grassvariant_4":1,"luminousworld:mossbuds_1":1,"luminousworld:mossbuds_2":1,"minecraft:grass_block":7,"luminousworld:grassvariant_2":3,"luminousworld:clovers_2":1,"minecraft:spruce_leaves":6,"luminousworld:groundpebbles_3":4,"minecraft:furnace":5,"minecraft:iron_ore":20,"minecraft:fire":1,"luminousworld:mossbuds_3":1,"minecraft:deepslate_lapis_ore":1,"minecraft:bookshelf":20,"minecraft:deepslate_iron_ore":11,"minecraft:rail":1,"minecraft:stone":89,"luminousworld:blueberrybush":1,"minecraft:smoker":5,"minecraft:dandelion":1,"minecraft:crafting_table":8,"minecraft:oak_fence":3,"minecraft:chest":2,"minecraft:tall_grass":1,"minecraft:cobblestone":13,"minecraft:oak_planks":10,"minecraft:sugar_cane":7,"minecraft:bricks":6,"minecraft:wall_torch":1,"minecraft:sweet_berry_bush":21,"minecraft:magenta_bed":2,"minecraft:spruce_log":13,"minecraft:black_bed":3,"minecraft:stone_brick_stairs":1,"minecraft:grass":10,"minecraft:oak_log":5,"minecraft:coal_ore":30,"minecraft:dirt":38,"luminousworld:grassvariant_3":3,"minecraft:cobweb":4,"minecraft:cracked_stone_bricks":1,"minecraft:stone_bricks":1,"minecraft:oak_leaves":1,"minecraft:deepslate":2},"minecraft:picked_up":{"luminousworld:groundpebbles_1":4,"minecraft:crafting_table":7,"minecraft:chicken":10,"minecraft:chest_minecart":1,"minecraft:stone_brick_stairs":1,"minecraft:string":10,"minecraft:cracked_stone_bricks":2,"minecraft:cobbled_deepslate":2,"minecraft:sugar_cane":14,"minecraft:chest":2,"minecraft:furnace":5,"minecraft:raw_iron":31,"minecraft:oak_fence":3,"minecraft:torch":2,"minecraft:porkchop":7,"minecraft:rabbit_foot":5,"minecraft:rotten_flesh":10,"minecraft:gold_ingot":5,"minecraft:mutton":8,"minecraft:white_wool":1,"minecraft:rail":2,"minecraft:bone_block":13,"minecraft:cobblestone":102,"born_in_chaos_v1:corpse_maggot":2,"minecraft:feather":3,"minecraft:leather":3,"minecraft:black_bed":3,"minecraft:smoker":4,"minecraft:filled_map":1,"minecraft:oak_log":5,"minecraft:magenta_bed":2,"minecraft:lapis_lazuli":4,"minecraft:dirt":47,"minecraft:stone_bricks":1,"minecraft:rabbit_hide":15,"minecraft:iron_ingot":5,"minecraft:rabbit":3,"minecraft:oak_planks":11,"minecraft:book":60,"endrem:witch_pupil":1,"minecraft:sweet_berries":45,"minecraft:spruce_sapling":2,"minecraft:spruce_log":13,"minecraft:dark_prismarine":5,"minecraft:coal":200,"minecraft:bricks":6},"minecraft:dropped":{"endrem:witch_pupil":1,"minecraft:oak_fence":3,"minecraft:cobblestone":6,"minecraft:chest_minecart":1,"minecraft:cracked_stone_bricks":2,"minecraft:dirt":9,"minecraft:paper":2,"minecraft:string":4,"minecraft:white_wool":1,"minecraft:oak_planks":3,"luminousworld:groundpebbles_1":4,"minecraft:stone_pickaxe":1,"minecraft:wooden_pickaxe":1},"minecraft:crafted":{"minecraft:oak_planks":20,"minecraft:cooked_chicken":10,"minecraft:furnace":1,"minecraft:leather":3,"born_in_chaos_v1:fried_maggot":2,"minecraft:stone_pickaxe":1,"minecraft:cooked_rabbit":3,"sophisticatedbackpacks:backpack":1,"minecraft:cooked_porkchop":7,"minecraft:spruce_planks":52,"minecraft:wooden_pickaxe":1,"minecraft:iron_helmet":1,"minecraft:iron_sword":1,"minecraft:spruce_door":3,"minecraft:bucket":1,"minecraft:stone_axe":1,"minecraft:air":0,"minecraft:iron_chestplate":1,"minecraft:shield":1,"quark:oak_chest":1,"minecraft:stick":20,"minecraft:iron_ingot":26,"minecraft:iron_pickaxe":1,"minecraft:stone_sword":1,"minecraft:iron_shovel":1,"minecraft:iron_leggings":1,"minecraft:torch":8}},"DataVersion":3465}