{"stats":{"minecraft:killed":{"undead_revamp2:the_moonflower":1,"minecraft:chicken":1,"born_in_chaos_v1:corpse_fly":2},"minecraft:custom":{"minecraft:interact_with_furnace":10,"minecraft:mob_kills":4,"minecraft:interact_with_crafting_table":17,"minecraft:open_barrel":1,"minecraft:leave_game":1,"minecraft:time_since_death":39922,"minecraft:climb_one_cm":1418,"minecraft:time_since_rest":39922,"minecraft:sprint_one_cm":105561,"minecraft:damage_taken":875,"minecraft:walk_one_cm":100305,"minecraft:drop":1,"minecraft:damage_dealt":957,"minecraft:swim_one_cm":6206,"minecraft:fly_one_cm":72565,"minecraft:open_chest":3,"minecraft:crouch_one_cm":4754,"minecraft:play_time":39922,"tombstone:undead_killed":1,"minecraft:sneak_time":2221,"minecraft:walk_under_water_one_cm":3989,"minecraft:jump":518,"minecraft:walk_on_water_one_cm":5188,"minecraft:interact_with_smoker":5,"minecraft:total_world_time":39922,"minecraft:fall_one_cm":12218},"minecraft:used":{"minecraft:water_bucket":16,"minecraft:stone_sword":40,"minecraft:stone_pickaxe":77,"minecraft:oak_planks":4,"minecraft:wooden_pickaxe":51,"born_in_chaos_v1:fried_maggot":2,"minecraft:cooked_chicken":1,"minecraft:rotten_flesh":1,"minecraft:torch":17,"minecraft:dirt":3,"minecraft:crafting_table":3,"minecraft:smoker":1,"minecraft:bread":3,"minecraft:iron_pickaxe":17,"minecraft:spruce_sapling":2,"minecraft:stone_bricks":1,"minecraft:stone_axe":38,"minecraft:cobblestone":57,"minecraft:sweet_berries":66,"minecraft:furnace":2,"minecraft:bucket":17,"alexsmobs:animal_dictionary":1,"minecraft:cobbled_deepslate":2},"minecraft:mined":{"luminousworld:blueberrybush":1,"minecraft:smoker":2,"luminousworld:mossbuds_1":1,"minecraft:oak_fence":3,"minecraft:crafting_table":4,"luminousworld:mossbuds_2":1,"minecraft:grass_block":2,"minecraft:chest":1,"minecraft:cobblestone":9,"minecraft:spruce_leaves":6,"minecraft:sugar_cane":7,"minecraft:oak_planks":6,"luminousworld:groundpebbles_3":4,"minecraft:furnace":2,"minecraft:iron_ore":14,"minecraft:fire":1,"minecraft:sweet_berry_bush":21,"minecraft:magenta_bed":1,"minecraft:spruce_log":13,"minecraft:deepslate_lapis_ore":1,"minecraft:coal_ore":24,"minecraft:oak_log":5,"minecraft:deepslate_iron_ore":7,"minecraft:rail":1,"minecraft:dirt":1,"minecraft:cobweb":4,"minecraft:stone_bricks":1,"minecraft:stone":74,"minecraft:oak_leaves":1,"minecraft:deepslate":2},"minecraft:picked_up":{"born_in_chaos_v1:corpse_maggot":2,"luminousworld:groundpebbles_1":4,"minecraft:crafting_table":4,"minecraft:chicken":1,"minecraft:chest_minecart":1,"minecraft:smoker":2,"minecraft:oak_log":5,"minecraft:magenta_bed":1,"minecraft:lapis_lazuli":4,"minecraft:string":4,"minecraft:dirt":3,"minecraft:stone_bricks":1,"minecraft:cobbled_deepslate":2,"minecraft:iron_ingot":5,"minecraft:sugar_cane":14,"minecraft:chest":1,"minecraft:oak_planks":7,"minecraft:furnace":2,"minecraft:raw_iron":21,"endrem:witch_pupil":1,"minecraft:sweet_berries":45,"minecraft:oak_fence":3,"minecraft:torch":1,"minecraft:spruce_sapling":2,"minecraft:spruce_log":13,"minecraft:rotten_flesh":5,"minecraft:coal":84,"minecraft:bone_block":13,"minecraft:rail":2,"minecraft:cobblestone":83},"minecraft:dropped":{"endrem:witch_pupil":1},"minecraft:crafted":{"minecraft:spruce_planks":28,"minecraft:wooden_pickaxe":1,"minecraft:cooked_chicken":1,"minecraft:furnace":1,"minecraft:bucket":1,"minecraft:stone_axe":1,"minecraft:air":0,"minecraft:shield":1,"born_in_chaos_v1:fried_maggot":2,"minecraft:stick":20,"minecraft:iron_ingot":9,"minecraft:iron_pickaxe":1,"minecraft:stone_pickaxe":1,"minecraft:stone_sword":1,"minecraft:torch":8}},"DataVersion":3465}