{"stats":{"minecraft:killed":{"undead_revamp2:the_moonflower":1,"minecraft:chicken":1,"born_in_chaos_v1:corpse_fly":2},"minecraft:custom":{"minecraft:interact_with_furnace":13,"minecraft:mob_kills":4,"minecraft:interact_with_crafting_table":20,"minecraft:open_barrel":2,"minecraft:leave_game":1,"minecraft:time_since_death":51922,"minecraft:climb_one_cm":1418,"minecraft:time_since_rest":51922,"minecraft:sprint_one_cm":111157,"minecraft:damage_taken":875,"minecraft:walk_one_cm":104957,"minecraft:drop":1,"minecraft:damage_dealt":1025,"minecraft:swim_one_cm":6206,"minecraft:fly_one_cm":74014,"minecraft:open_chest":4,"minecraft:crouch_one_cm":5283,"minecraft:play_time":51922,"tombstone:undead_killed":1,"minecraft:sneak_time":2589,"minecraft:walk_under_water_one_cm":3989,"minecraft:jump":527,"minecraft:walk_on_water_one_cm":5188,"minecraft:interact_with_smoker":5,"minecraft:total_world_time":51922,"minecraft:fall_one_cm":12487},"minecraft:used":{"minecraft:water_bucket":16,"minecraft:stone_sword":42,"minecraft:stone_pickaxe":83,"minecraft:oak_planks":4,"minecraft:wooden_pickaxe":51,"born_in_chaos_v1:fried_maggot":2,"minecraft:cooked_chicken":1,"minecraft:rotten_flesh":1,"minecraft:iron_chestplate":1,"minecraft:torch":17,"minecraft:dirt":3,"minecraft:crafting_table":5,"minecraft:smoker":1,"minecraft:bread":3,"minecraft:iron_pickaxe":17,"minecraft:spruce_sapling":2,"minecraft:stone_bricks":1,"minecraft:stone_axe":40,"minecraft:cobblestone":59,"minecraft:sweet_berries":66,"minecraft:furnace":3,"minecraft:bucket":17,"alexsmobs:animal_dictionary":1,"minecraft:cobbled_deepslate":2,"minecraft:iron_leggings":1},"minecraft:mined":{"luminousworld:blueberrybush":1,"minecraft:smoker":2,"luminousworld:mossbuds_1":1,"minecraft:oak_fence":3,"minecraft:crafting_table":6,"luminousworld:mossbuds_2":1,"minecraft:grass_block":2,"minecraft:chest":1,"minecraft:cobblestone":9,"minecraft:spruce_leaves":6,"minecraft:sugar_cane":7,"minecraft:oak_planks":6,"luminousworld:groundpebbles_3":4,"minecraft:furnace":3,"minecraft:iron_ore":14,"minecraft:fire":1,"minecraft:sweet_berry_bush":21,"minecraft:magenta_bed":1,"minecraft:spruce_log":13,"minecraft:deepslate_lapis_ore":1,"minecraft:coal_ore":24,"minecraft:oak_log":5,"minecraft:deepslate_iron_ore":11,"minecraft:rail":1,"minecraft:dirt":1,"minecraft:cobweb":4,"minecraft:cracked_stone_bricks":1,"minecraft:stone_bricks":1,"minecraft:stone":74,"minecraft:oak_leaves":1,"minecraft:deepslate":2},"minecraft:picked_up":{"born_in_chaos_v1:corpse_maggot":2,"luminousworld:groundpebbles_1":4,"minecraft:crafting_table":6,"minecraft:chicken":1,"minecraft:chest_minecart":1,"minecraft:smoker":2,"minecraft:oak_log":5,"minecraft:magenta_bed":1,"minecraft:lapis_lazuli":4,"minecraft:string":4,"minecraft:dirt":3,"minecraft:stone_bricks":1,"minecraft:cracked_stone_bricks":1,"minecraft:cobbled_deepslate":2,"minecraft:iron_ingot":5,"minecraft:sugar_cane":14,"minecraft:chest":1,"minecraft:oak_planks":7,"minecraft:furnace":3,"minecraft:raw_iron":25,"endrem:witch_pupil":1,"minecraft:sweet_berries":45,"minecraft:oak_fence":3,"minecraft:torch":1,"minecraft:spruce_sapling":2,"minecraft:spruce_log":13,"minecraft:rotten_flesh":5,"minecraft:coal":137,"minecraft:bone_block":13,"minecraft:rail":2,"minecraft:cobblestone":83},"minecraft:dropped":{"endrem:witch_pupil":1},"minecraft:crafted":{"minecraft:spruce_planks":28,"minecraft:wooden_pickaxe":1,"minecraft:cooked_chicken":1,"minecraft:furnace":1,"minecraft:bucket":1,"minecraft:stone_axe":1,"minecraft:air":0,"minecraft:iron_chestplate":1,"minecraft:shield":1,"born_in_chaos_v1:fried_maggot":2,"minecraft:stick":20,"minecraft:iron_ingot":20,"minecraft:iron_pickaxe":1,"minecraft:stone_pickaxe":1,"minecraft:stone_sword":1,"minecraft:iron_leggings":1,"minecraft:torch":8}},"DataVersion":3465}