{"stats":{"minecraft:killed":{"illagerinvasion:archivist":1,"earthmobsmod:duck":5,"earthmobsmod:hyper_rabbit":1,"earthmobsmod:jumbo_rabbit":5,"alexsmobs:raccoon":1,"minecraft:vindicator":1,"illagerinvasion:marauder":2,"enemyexpansion:direwolf":1,"born_in_chaos_v1:maggot":5,"minecraft:skeleton":4,"minecraft:chicken":5,"earthmobsmod:teacup_pig":3,"undead_revamp2:sucker":1,"minecraft:pig":2,"undead_revamp2:the_moonflower":2,"illagerinvasion:alchemist":1,"minecraft:sheep":4,"minecraft:zombie":27,"born_in_chaos_v1:corpse_fly":2,"enemyexpansion:botfly":4},"minecraft:custom":{"minecraft:mob_kills":80,"minecraft:interact_with_crafting_table":33,"minecraft:open_barrel":2,"minecraft:leave_game":1,"minecraft:time_since_death":117922,"minecraft:climb_one_cm":18281,"minecraft:sprint_one_cm":279406,"minecraft:walk_one_cm":252631,"minecraft:damage_blocked_by_shield":50,"minecraft:drop":25,"minecraft:damage_dealt_absorbed":79,"minecraft:play_time":117922,"minecraft:sneak_time":7148,"minecraft:walk_under_water_one_cm":6251,"minecraft:jump":1426,"minecraft:interact_with_brewingstand":1,"minecraft:walk_on_water_one_cm":12415,"minecraft:total_world_time":117922,"minecraft:interact_with_furnace":25,"tombstone:raider_killed":5,"minecraft:tune_noteblock":5,"minecraft:sleep_in_bed":3,"minecraft:time_since_rest":31193,"minecraft:damage_taken":1754,"minecraft:damage_absorbed":40,"minecraft:damage_dealt":11855,"minecraft:swim_one_cm":8900,"minecraft:fly_one_cm":241006,"minecraft:open_chest":26,"minecraft:crouch_one_cm":16115,"tombstone:undead_killed":34,"minecraft:interact_with_smoker":27,"minecraft:fall_one_cm":30415},"minecraft:used":{"minecraft:stone_sword":83,"minecraft:iron_shovel":23,"minecraft:shield":1,"minecraft:chest":1,"minecraft:iron_sword":139,"born_in_chaos_v1:fried_maggot":2,"minecraft:cooked_chicken":11,"minecraft:rotten_flesh":1,"minecraft:iron_chestplate":1,"minecraft:torch":21,"minecraft:dirt":3,"minecraft:iron_axe":19,"minecraft:iron_helmet":1,"minecraft:stone_brick_stairs":1,"minecraft:stone_bricks":6,"minecraft:sweet_berries":66,"minecraft:furnace":4,"tombstone:gift":2,"minecraft:cobbled_deepslate":2,"minecraft:iron_leggings":1,"minecraft:cooked_mutton":2,"minecraft:water_bucket":19,"minecraft:spruce_door":1,"minecraft:stone_pickaxe":89,"minecraft:oak_planks":19,"minecraft:wooden_pickaxe":51,"minecraft:golden_apple":1,"minecraft:crafting_table":8,"minecraft:magenta_bed":2,"minecraft:black_bed":2,"minecraft:smoker":4,"minecraft:bread":3,"minecraft:iron_pickaxe":104,"minecraft:spruce_sapling":2,"minecraft:stone_axe":96,"minecraft:cobblestone":80,"minecraft:cooked_porkchop":2,"minecraft:bucket":20,"minecraft:cooked_rabbit":2,"alexsmobs:animal_dictionary":1},"minecraft:mined":{"minecraft:dark_prismarine":5,"luminousworld:yellowpetunias":1,"luminousworld:grassvariant_4":1,"luminousworld:mossbuds_1":1,"minecraft:brewing_stand":1,"luminousworld:mossbuds_2":1,"minecraft:grass_block":7,"luminousworld:grassvariant_2":3,"luminousworld:clovers_2":1,"minecraft:spruce_leaves":6,"luminousworld:groundpebbles_3":4,"minecraft:smooth_stone":1,"minecraft:furnace":5,"minecraft:iron_ore":20,"minecraft:fire":1,"luminousworld:mossbuds_3":1,"minecraft:deepslate_lapis_ore":1,"minecraft:bookshelf":22,"minecraft:deepslate_iron_ore":11,"minecraft:rail":1,"minecraft:stone":103,"luminousworld:blueberrybush":1,"minecraft:smoker":5,"minecraft:dandelion":1,"minecraft:clay":6,"minecraft:crafting_table":8,"minecraft:oak_fence":3,"minecraft:chest":2,"minecraft:tall_grass":2,"minecraft:cobblestone":16,"minecraft:oak_planks":13,"minecraft:sugar_cane":7,"minecraft:bricks":6,"minecraft:wall_torch":1,"placeablesmod:cooked_mutton_block":1,"minecraft:sweet_berry_bush":21,"minecraft:magenta_bed":2,"minecraft:spruce_log":13,"minecraft:black_bed":3,"minecraft:stone_brick_stairs":1,"minecraft:grass":10,"minecraft:oak_log":5,"minecraft:coal_ore":30,"minecraft:dirt":38,"luminousworld:grassvariant_3":3,"minecraft:cobweb":4,"minecraft:cracked_stone_bricks":1,"minecraft:stone_bricks":13,"minecraft:oak_leaves":1,"minecraft:deepslate":2},"minecraft:picked_up":{"luminousworld:groundpebbles_1":4,"minecraft:crafting_table":7,"minecraft:chicken":10,"minecraft:clay_ball":20,"minecraft:chest_minecart":1,"minecraft:stone_brick_stairs":1,"minecraft:brewing_stand":1,"minecraft:string":10,"minecraft:cracked_stone_bricks":2,"minecraft:cobbled_deepslate":2,"minecraft:sugar_cane":14,"minecraft:chest":2,"minecraft:furnace":5,"minecraft:raw_iron":31,"minecraft:oak_fence":3,"minecraft:torch":2,"minecraft:porkchop":7,"tombstone:grave_dust":1,"minecraft:rabbit_foot":5,"minecraft:rotten_flesh":10,"minecraft:gold_ingot":5,"minecraft:mutton":8,"minecraft:white_wool":1,"minecraft:rail":2,"minecraft:bone_block":13,"minecraft:cobblestone":118,"born_in_chaos_v1:corpse_maggot":5,"minecraft:air":0,"minecraft:feather":3,"minecraft:leather":3,"minecraft:black_bed":3,"minecraft:smoker":4,"minecraft:filled_map":1,"minecraft:oak_log":5,"minecraft:magenta_bed":2,"minecraft:lapis_lazuli":4,"minecraft:dirt":47,"minecraft:cooked_mutton":1,"minecraft:bone":1,"minecraft:stone_bricks":12,"minecraft:wheat_seeds":1,"minecraft:rabbit_hide":15,"minecraft:iron_ingot":7,"minecraft:rabbit":3,"minecraft:iron_sword":2,"minecraft:oak_planks":11,"minecraft:book":62,"endrem:witch_pupil":1,"minecraft:sweet_berries":45,"minecraft:spruce_sapling":2,"minecraft:spruce_log":13,"minecraft:dark_prismarine":5,"tombstone:magic_scroll":1,"minecraft:coal":200,"minecraft:bricks":6},"minecraft:dropped":{"minecraft:wheat_seeds":1,"endrem:witch_pupil":1,"minecraft:oak_fence":3,"minecraft:cobblestone":6,"minecraft:chest_minecart":1,"minecraft:cracked_stone_bricks":2,"minecraft:dirt":9,"minecraft:paper":2,"minecraft:string":4,"minecraft:white_wool":1,"minecraft:clay_ball":20,"minecraft:oak_planks":3,"luminousworld:groundpebbles_1":4,"minecraft:stone_pickaxe":1,"minecraft:wooden_pickaxe":1},"minecraft:crafted":{"minecraft:oak_planks":20,"minecraft:cooked_chicken":10,"minecraft:furnace":1,"minecraft:leather":3,"minecraft:iron_axe":1,"born_in_chaos_v1:fried_maggot":2,"minecraft:stone_pickaxe":1,"minecraft:cooked_rabbit":3,"sophisticatedbackpacks:backpack":1,"minecraft:cooked_porkchop":7,"minecraft:crafting_table":1,"minecraft:spruce_planks":52,"minecraft:wooden_pickaxe":1,"minecraft:iron_helmet":1,"minecraft:iron_sword":1,"minecraft:spruce_door":3,"minecraft:bucket":1,"minecraft:stone_axe":1,"minecraft:air":0,"minecraft:iron_chestplate":1,"minecraft:shield":1,"quark:oak_chest":1,"minecraft:stick":20,"minecraft:iron_ingot":26,"minecraft:iron_pickaxe":1,"minecraft:stone_sword":1,"minecraft:iron_shovel":1,"minecraft:iron_leggings":1,"minecraft:torch":8}},"DataVersion":3465}