{"stats":{"minecraft:killed":{"earthmobsmod:duck":4,"earthmobsmod:hyper_rabbit":1,"minecraft:pig":1,"earthmobsmod:jumbo_rabbit":3,"undead_revamp2:the_moonflower":1,"minecraft:chicken":1,"born_in_chaos_v1:corpse_fly":2,"earthmobsmod:teacup_pig":3},"minecraft:custom":{"minecraft:interact_with_furnace":13,"minecraft:mob_kills":16,"minecraft:interact_with_crafting_table":20,"minecraft:open_barrel":2,"minecraft:leave_game":1,"minecraft:time_since_death":75922,"minecraft:sleep_in_bed":1,"minecraft:climb_one_cm":15407,"minecraft:time_since_rest":5794,"minecraft:sprint_one_cm":135227,"minecraft:damage_taken":885,"minecraft:walk_one_cm":170018,"minecraft:drop":11,"minecraft:damage_dealt":1805,"minecraft:swim_one_cm":6206,"minecraft:fly_one_cm":110496,"minecraft:open_chest":4,"minecraft:crouch_one_cm":5283,"minecraft:play_time":75922,"tombstone:undead_killed":1,"minecraft:sneak_time":2622,"minecraft:walk_under_water_one_cm":4104,"minecraft:jump":783,"minecraft:walk_on_water_one_cm":5225,"minecraft:interact_with_smoker":10,"minecraft:total_world_time":75922,"minecraft:fall_one_cm":18641},"minecraft:used":{"minecraft:water_bucket":17,"minecraft:stone_sword":78,"minecraft:stone_pickaxe":83,"minecraft:oak_planks":4,"minecraft:wooden_pickaxe":51,"born_in_chaos_v1:fried_maggot":2,"minecraft:cooked_chicken":1,"minecraft:rotten_flesh":1,"minecraft:iron_chestplate":1,"minecraft:torch":18,"minecraft:dirt":3,"minecraft:crafting_table":5,"minecraft:magenta_bed":1,"minecraft:smoker":2,"minecraft:bread":3,"minecraft:iron_pickaxe":45,"minecraft:spruce_sapling":2,"minecraft:stone_bricks":1,"minecraft:stone_axe":40,"minecraft:cobblestone":78,"minecraft:sweet_berries":66,"minecraft:furnace":3,"minecraft:cooked_porkchop":2,"minecraft:bucket":18,"alexsmobs:animal_dictionary":1,"minecraft:cobbled_deepslate":2,"minecraft:iron_leggings":1},"minecraft:mined":{"luminousworld:yellowpetunias":1,"luminousworld:blueberrybush":1,"minecraft:smoker":3,"minecraft:dandelion":1,"luminousworld:mossbuds_1":1,"minecraft:oak_fence":3,"minecraft:crafting_table":6,"luminousworld:mossbuds_2":1,"minecraft:grass_block":6,"minecraft:chest":1,"luminousworld:grassvariant_2":3,"minecraft:tall_grass":1,"minecraft:cobblestone":13,"minecraft:spruce_leaves":6,"minecraft:sugar_cane":7,"minecraft:oak_planks":6,"luminousworld:groundpebbles_3":4,"minecraft:wall_torch":1,"minecraft:furnace":3,"minecraft:iron_ore":20,"minecraft:fire":1,"minecraft:sweet_berry_bush":21,"minecraft:magenta_bed":2,"minecraft:spruce_log":13,"minecraft:deepslate_lapis_ore":1,"minecraft:grass":8,"minecraft:coal_ore":30,"minecraft:oak_log":5,"minecraft:deepslate_iron_ore":11,"minecraft:rail":1,"minecraft:dirt":12,"luminousworld:grassvariant_3":2,"minecraft:cobweb":4,"minecraft:cracked_stone_bricks":1,"minecraft:stone_bricks":1,"minecraft:stone":83,"minecraft:oak_leaves":1,"minecraft:deepslate":2},"minecraft:picked_up":{"born_in_chaos_v1:corpse_maggot":2,"luminousworld:groundpebbles_1":4,"minecraft:crafting_table":6,"minecraft:feather":3,"minecraft:chicken":5,"minecraft:chest_minecart":1,"minecraft:smoker":3,"minecraft:oak_log":5,"minecraft:magenta_bed":2,"minecraft:lapis_lazuli":4,"minecraft:string":4,"minecraft:dirt":12,"minecraft:stone_bricks":1,"minecraft:cracked_stone_bricks":2,"minecraft:cobbled_deepslate":2,"minecraft:rabbit_hide":8,"minecraft:iron_ingot":5,"minecraft:rabbit":1,"minecraft:sugar_cane":14,"minecraft:chest":1,"minecraft:oak_planks":10,"minecraft:furnace":3,"minecraft:raw_iron":31,"endrem:witch_pupil":1,"minecraft:sweet_berries":45,"minecraft:oak_fence":3,"minecraft:torch":2,"minecraft:porkchop":4,"minecraft:spruce_sapling":2,"minecraft:spruce_log":13,"minecraft:rabbit_foot":3,"minecraft:rotten_flesh":5,"minecraft:coal":200,"minecraft:bone_block":13,"minecraft:rail":2,"minecraft:cobblestone":96},"minecraft:dropped":{"endrem:witch_pupil":1,"minecraft:oak_fence":3,"minecraft:oak_planks":3,"minecraft:chest_minecart":1,"minecraft:cracked_stone_bricks":2,"minecraft:dirt":9,"luminousworld:groundpebbles_1":4,"minecraft:wooden_pickaxe":1,"minecraft:string":4},"minecraft:crafted":{"minecraft:cooked_porkchop":3,"minecraft:spruce_planks":28,"minecraft:wooden_pickaxe":1,"minecraft:cooked_chicken":1,"minecraft:furnace":1,"minecraft:bucket":1,"minecraft:stone_axe":1,"minecraft:air":0,"minecraft:iron_chestplate":1,"minecraft:shield":1,"born_in_chaos_v1:fried_maggot":2,"minecraft:stick":20,"minecraft:iron_ingot":20,"minecraft:iron_pickaxe":1,"minecraft:stone_pickaxe":1,"minecraft:stone_sword":1,"minecraft:iron_leggings":1,"minecraft:torch":8}},"DataVersion":3465}