{"stats":{"minecraft:killed_by":{"minecraft:husk":2,"undead_revamp2:thehunter":1},"minecraft:broken":{"minecraft:iron_sword":1},"minecraft:killed":{"illagerinvasion:archivist":1,"earthmobsmod:duck":5,"earthmobsmod:hyper_rabbit":1,"undead_revamp2:thehunter":2,"earthmobsmod:jumbo_rabbit":6,"alexsmobs:raccoon":1,"minecraft:vindicator":1,"illagerinvasion:marauder":2,"luminousworld:frost_bitten_skeleton":1,"alexsmobs:tasmanian_devil":1,"enemyexpansion:direwolf":1,"born_in_chaos_v1:maggot":10,"creeperoverhaul:snowy_creeper":1,"minecraft:skeleton":7,"minecraft:chicken":5,"earthmobsmod:teacup_pig":3,"undead_revamp2:sucker":1,"minecraft:husk":12,"minecraft:pig":2,"naturalist:lizard_tail":1,"undead_revamp2:the_moonflower":2,"illagerinvasion:alchemist":1,"minecraft:sheep":4,"minecraft:zombie":54,"born_in_chaos_v1:corpse_fly":2,"enemyexpansion:botfly":13},"minecraft:custom":{"minecraft:mob_kills":148,"minecraft:interact_with_crafting_table":34,"minecraft:open_barrel":8,"minecraft:damage_dealt_resisted":20,"minecraft:leave_game":3,"minecraft:time_since_death":17709,"minecraft:climb_one_cm":18903,"minecraft:sprint_one_cm":475679,"minecraft:walk_one_cm":404095,"minecraft:damage_blocked_by_shield":150,"minecraft:drop":154,"minecraft:damage_dealt_absorbed":79,"minecraft:play_time":187767,"minecraft:deaths":3,"minecraft:sneak_time":10848,"minecraft:walk_under_water_one_cm":16325,"minecraft:jump":2758,"minecraft:interact_with_brewingstand":1,"minecraft:interact_with_blast_furnace":2,"minecraft:walk_on_water_one_cm":19484,"minecraft:total_world_time":187767,"minecraft:interact_with_furnace":26,"tombstone:raider_killed":5,"minecraft:tune_noteblock":5,"minecraft:sleep_in_bed":3,"minecraft:time_since_rest":16713,"minecraft:damage_taken":3921,"minecraft:damage_absorbed":80,"minecraft:damage_dealt":27073,"minecraft:swim_one_cm":16158,"minecraft:fly_one_cm":578970,"minecraft:open_chest":45,"minecraft:crouch_one_cm":23444,"tombstone:undead_killed":79,"minecraft:interact_with_smoker":27,"minecraft:fall_one_cm":55444},"minecraft:used":{"minecraft:stone_sword":83,"minecraft:iron_shovel":52,"minecraft:chest":1,"minecraft:spruce_planks":20,"minecraft:shield":3,"minecraft:iron_sword":392,"minecraft:cooked_chicken":11,"born_in_chaos_v1:fried_maggot":2,"minecraft:rotten_flesh":1,"minecraft:iron_chestplate":1,"minecraft:torch":22,"minecraft:dirt":23,"minecraft:white_carpet":11,"minecraft:snowball":22,"minecraft:iron_axe":89,"minecraft:polished_deepslate_wall":1,"minecraft:iron_helmet":1,"minecraft:stone_brick_stairs":1,"minecraft:stone_bricks":7,"minecraft:sweet_berries":109,"minecraft:furnace":4,"tombstone:gift":8,"minecraft:skeleton_skull":1,"minecraft:potato":2,"minecraft:cobbled_deepslate":2,"minecraft:iron_leggings":1,"minecraft:calcite":4,"minecraft:cooked_mutton":8,"minecraft:dark_oak_stairs":1,"minecraft:water_bucket":60,"minecraft:red_nether_bricks":2,"minecraft:spruce_door":1,"minecraft:oak_planks":19,"minecraft:stone_pickaxe":89,"minecraft:wooden_pickaxe":51,"minecraft:cookie":5,"minecraft:golden_apple":2,"minecraft:stripped_mangrove_wood":2,"minecraft:mangrove_trapdoor":1,"minecraft:crafting_table":9,"minecraft:mushroom_stew":1,"minecraft:magenta_bed":2,"minecraft:black_bed":2,"minecraft:smoker":4,"minecraft:zombie_head":1,"minecraft:bread":9,"minecraft:iron_pickaxe":170,"minecraft:spruce_trapdoor":1,"minecraft:spruce_sapling":2,"minecraft:stone_axe":96,"minecraft:cobblestone":116,"minecraft:dark_oak_fence":1,"minecraft:cooked_porkchop":6,"minecraft:andesite":1,"minecraft:cooked_rabbit":3,"minecraft:bucket":61,"naturalist:cooked_lizard_tail":1,"minecraft:pumpkin_pie":2,"alexsmobs:animal_dictionary":1,"minecraft:experience_bottle":1},"minecraft:mined":{"minecraft:dark_prismarine":5,"minecraft:spruce_planks":2,"luminousworld:yellowpetunias":1,"luminousworld:grassvariant_4":1,"minecraft:red_nether_bricks":2,"minecraft:dark_oak_fence":1,"luminousworld:mossbuds_1":1,"minecraft:brewing_stand":1,"minecraft:spruce_trapdoor":1,"luminousworld:mossbuds_2":1,"minecraft:grass_block":8,"minecraft:coal_block":2,"luminousworld:grassvariant_2":3,"luminousworld:clovers_2":1,"minecraft:mangrove_trapdoor":1,"minecraft:spruce_leaves":8,"luminousworld:groundpebbles_3":4,"minecraft:spawner":1,"minecraft:smooth_stone":2,"minecraft:furnace":5,"minecraft:iron_ore":20,"minecraft:fire":1,"minecraft:snow":2,"minecraft:andesite":1,"luminousworld:mossbuds_3":1,"minecraft:deepslate_lapis_ore":1,"minecraft:stripped_dark_oak_wood":3,"minecraft:dark_oak_stairs":1,"minecraft:bookshelf":22,"minecraft:deepslate_iron_ore":11,"minecraft:rail":1,"minecraft:stripped_mangrove_wood":2,"luminousworld:groundpebbles_2":1,"minecraft:stone":117,"minecraft:player_head":1,"minecraft:red_bed":1,"luminousworld:blueberrybush":1,"minecraft:smoker":5,"minecraft:snow_block":5,"minecraft:dandelion":1,"minecraft:powder_snow":2,"minecraft:clay":6,"minecraft:oak_fence":3,"minecraft:crafting_table":8,"minecraft:calcite":7,"minecraft:blast_furnace":2,"minecraft:chest":2,"minecraft:nether_brick_slab":7,"minecraft:tall_grass":2,"minecraft:cobblestone":26,"minecraft:sugar_cane":7,"minecraft:oak_planks":13,"minecraft:bricks":6,"minecraft:diorite":10,"minecraft:wall_torch":2,"minecraft:coarse_dirt":1,"placeablesmod:cooked_mutton_block":1,"minecraft:dark_oak_slab":2,"minecraft:sweet_berry_bush":29,"minecraft:magenta_bed":2,"minecraft:spruce_log":20,"minecraft:white_carpet":10,"minecraft:black_bed":3,"minecraft:stone_brick_stairs":1,"minecraft:grass":10,"minecraft:oak_log":5,"minecraft:coal_ore":31,"minecraft:zombie_head":1,"minecraft:cyan_carpet":1,"minecraft:dirt":60,"luminousworld:grassvariant_3":4,"minecraft:cobweb":8,"minecraft:cracked_stone_bricks":1,"minecraft:stone_bricks":13,"minecraft:polished_deepslate_wall":1,"minecraft:oak_leaves":1,"minecraft:deepslate":2,"minecraft:fern":1},"minecraft:picked_up":{"luminousworld:groundpebbles_1":5,"minecraft:crafting_table":7,"minecraft:chicken":10,"minecraft:clay_ball":20,"minecraft:chest_minecart":1,"minecraft:stone_brick_stairs":1,"minecraft:brewing_stand":1,"minecraft:red_nether_bricks":2,"minecraft:polished_deepslate_wall":1,"minecraft:red_bed":1,"minecraft:string":10,"minecraft:iron_leggings":2,"minecraft:white_carpet":13,"minecraft:zombie_head":1,"minecraft:cyan_carpet":1,"minecraft:cracked_stone_bricks":2,"minecraft:cobbled_deepslate":2,"minecraft:spruce_planks":3,"minecraft:player_head":1,"minecraft:calcite":12,"minecraft:iron_pickaxe":2,"minecraft:light_gray_wool":1,"minecraft:coal_block":2,"minecraft:sugar_cane":14,"minecraft:chest":2,"minecraft:spruce_trapdoor":1,"minecraft:furnace":5,"minecraft:stick":4,"minecraft:raw_iron":31,"minecraft:stripped_mangrove_wood":2,"minecraft:oak_fence":3,"minecraft:torch":3,"minecraft:porkchop":7,"minecraft:cookie":5,"tombstone:grave_dust":2,"minecraft:diorite":26,"minecraft:mangrove_trapdoor":1,"minecraft:rabbit_foot":9,"minecraft:rotten_flesh":20,"minecraft:stripped_dark_oak_wood":4,"tombstone:essence_of_undeath":1,"minecraft:gold_ingot":5,"minecraft:mutton":8,"minecraft:bone_block":13,"minecraft:snowball":22,"minecraft:rail":2,"minecraft:skeleton_skull":1,"minecraft:white_wool":2,"minecraft:cobblestone":142,"born_in_chaos_v1:corpse_maggot":12,"minecraft:air":0,"minecraft:feather":11,"minecraft:andesite":1,"minecraft:brown_wool":3,"minecraft:black_bed":3,"minecraft:leather":3,"minecraft:smoker":4,"minecraft:potato":1,"minecraft:filled_map":1,"minecraft:oak_log":5,"minecraft:chainmail_chestplate":1,"undead_revamp2:huntereye":1,"minecraft:magenta_bed":2,"minecraft:lapis_lazuli":4,"minecraft:map":1,"minecraft:dirt":73,"minecraft:cooked_mutton":2,"minecraft:bone":6,"minecraft:stone_bricks":13,"minecraft:wheat_seeds":1,"minecraft:rabbit_hide":15,"minecraft:iron_ingot":7,"minecraft:rabbit":3,"minecraft:iron_sword":9,"minecraft:oak_planks":11,"minecraft:dark_oak_stairs":1,"minecraft:book":62,"endrem:witch_pupil":1,"minecraft:dark_oak_slab":2,"minecraft:sweet_berries":65,"minecraft:nether_brick_slab":5,"minecraft:spruce_sapling":2,"minecraft:blast_furnace":2,"minecraft:spruce_log":20,"minecraft:dark_prismarine":5,"minecraft:bundle":1,"minecraft:polished_andesite":1,"naturalist:cooked_lizard_tail":1,"minecraft:golden_apple":1,"minecraft:spruce_sign":2,"minecraft:chainmail_helmet":1,"tombstone:magic_scroll":2,"minecraft:dark_oak_fence":1,"minecraft:bricks":6,"minecraft:coal":200},"minecraft:dropped":{"minecraft:iron_sword":3,"minecraft:wheat_seeds":1,"minecraft:glass_bottle":3,"endrem:witch_pupil":1,"minecraft:dark_oak_slab":2,"minecraft:oak_fence":3,"minecraft:feather":16,"minecraft:cobblestone":6,"minecraft:leather":2,"minecraft:chest_minecart":1,"minecraft:cracked_stone_bricks":2,"minecraft:copper_ingot":1,"minecraft:stick":4,"minecraft:polished_andesite":1,"minecraft:dirt":12,"minecraft:red_bed":1,"minecraft:diorite":8,"minecraft:brown_wool":3,"minecraft:stripped_dark_oak_wood":1,"tombstone:grave_dust":1,"minecraft:iron_axe":1,"minecraft:paper":2,"minecraft:string":14,"minecraft:white_wool":3,"minecraft:nether_brick_slab":5,"minecraft:rotten_flesh":192,"minecraft:white_carpet":2,"minecraft:light_gray_wool":2,"minecraft:clay_ball":20,"minecraft:oak_planks":6,"minecraft:rabbit_foot":3,"minecraft:filled_map":1,"minecraft:rabbit_hide":4,"luminousworld:groundpebbles_1":5,"born_in_chaos_v1:corpse_maggot":2,"minecraft:chest":1,"minecraft:wooden_pickaxe":1,"minecraft:stone_pickaxe":1,"minecraft:calcite":12},"minecraft:crafted":{"minecraft:oak_planks":20,"minecraft:cooked_chicken":10,"minecraft:furnace":1,"minecraft:leather":3,"minecraft:iron_axe":1,"born_in_chaos_v1:fried_maggot":2,"minecraft:stone_pickaxe":1,"minecraft:cooked_rabbit":3,"sophisticatedbackpacks:backpack":1,"minecraft:cooked_porkchop":7,"minecraft:crafting_table":2,"minecraft:spruce_planks":52,"minecraft:wooden_pickaxe":1,"minecraft:iron_helmet":1,"minecraft:iron_sword":2,"minecraft:spruce_door":3,"minecraft:bucket":1,"minecraft:stone_axe":1,"minecraft:air":0,"minecraft:iron_chestplate":1,"minecraft:shield":1,"quark:oak_chest":1,"minecraft:stick":20,"minecraft:iron_ingot":26,"minecraft:iron_pickaxe":1,"minecraft:stone_sword":1,"minecraft:iron_shovel":1,"minecraft:iron_leggings":1,"minecraft:torch":8}},"DataVersion":3465}