{"stats":{"minecraft:killed_by":{"minecraft:zombie":1,"minecraft:husk":2,"undead_revamp2:thehunter":1},"minecraft:broken":{"minecraft:iron_sword":1,"minecraft:iron_pickaxe":1},"minecraft:killed":{"illagerinvasion:archivist":1,"earthmobsmod:duck":5,"earthmobsmod:jumbo_rabbit":6,"luminousworld:frost_bitten_skeleton":1,"undead_revamp2:thesmoker":1,"minecraft:skeleton":7,"minecraft:chicken":5,"minecraft:silverfish":4,"minecraft:pig":2,"illagerinvasion:alchemist":1,"minecraft:sheep":4,"minecraft:zombie":54,"illagerinvasion:sorcerer":1,"born_in_chaos_v1:corpse_fly":2,"enemyexpansion:botfly":13,"earthmobsmod:hyper_rabbit":1,"undead_revamp2:thehunter":2,"alexsmobs:raccoon":1,"minecraft:vindicator":1,"illagerinvasion:marauder":2,"alexsmobs:tasmanian_devil":1,"enemyexpansion:direwolf":1,"alexsmobs:sugar_glider":1,"born_in_chaos_v1:maggot":10,"creeperoverhaul:snowy_creeper":1,"earthmobsmod:teacup_pig":3,"undead_revamp2:sucker":1,"minecraft:husk":12,"naturalist:lizard_tail":1,"undead_revamp2:the_moonflower":2},"minecraft:custom":{"minecraft:interact_with_crafting_table":35,"minecraft:open_barrel":9,"minecraft:leave_game":4,"minecraft:time_since_death":33483,"minecraft:sprint_one_cm":564305,"minecraft:damage_blocked_by_shield":150,"minecraft:drop":160,"minecraft:play_time":225458,"minecraft:deaths":4,"minecraft:jump":3409,"minecraft:interact_with_brewingstand":1,"minecraft:walk_on_water_one_cm":26323,"minecraft:interact_with_furnace":26,"minecraft:sleep_in_bed":6,"minecraft:damage_dealt":28832,"minecraft:crouch_one_cm":30467,"tombstone:undead_killed":80,"minecraft:interact_with_smoker":27,"minecraft:inspect_dispenser":4,"minecraft:inspect_dropper":4,"minecraft:mob_kills":155,"minecraft:damage_dealt_resisted":20,"minecraft:climb_one_cm":20563,"minecraft:walk_one_cm":455303,"minecraft:damage_dealt_absorbed":79,"minecraft:sneak_time":16947,"minecraft:walk_under_water_one_cm":30458,"minecraft:interact_with_blast_furnace":2,"minecraft:total_world_time":225458,"tombstone:raider_killed":6,"minecraft:tune_noteblock":5,"minecraft:time_since_rest":13801,"minecraft:damage_taken":4686,"minecraft:damage_absorbed":80,"minecraft:swim_one_cm":20245,"minecraft:fly_one_cm":1223944,"minecraft:open_chest":49,"minecraft:fall_one_cm":74029},"minecraft:used":{"minecraft:iron_shovel":73,"minecraft:shield":3,"minecraft:chest":1,"minecraft:iron_sword":421,"minecraft:rotten_flesh":1,"minecraft:iron_chestplate":1,"minecraft:snowball":22,"minecraft:iron_helmet":1,"minecraft:stone_brick_stairs":1,"minecraft:stone_bricks":7,"minecraft:sweet_berries":109,"minecraft:furnace":4,"minecraft:skeleton_skull":1,"minecraft:potato":2,"minecraft:dark_oak_stairs":1,"minecraft:spruce_door":1,"minecraft:stone_pickaxe":89,"minecraft:oak_planks":19,"minecraft:wooden_pickaxe":51,"minecraft:cookie":5,"minecraft:golden_apple":2,"minecraft:stripped_mangrove_wood":2,"minecraft:sand":21,"minecraft:mushroom_stew":1,"minecraft:black_bed":4,"minecraft:zombie_head":1,"minecraft:bread":19,"minecraft:red_terracotta":1,"minecraft:dark_oak_fence":1,"minecraft:cooked_rabbit":3,"minecraft:andesite":1,"minecraft:experience_bottle":1,"minecraft:stone_sword":83,"minecraft:spruce_planks":41,"born_in_chaos_v1:fried_maggot":2,"minecraft:cooked_chicken":11,"minecraft:torch":27,"minecraft:dirt":23,"minecraft:white_carpet":11,"minecraft:dark_oak_planks":9,"minecraft:iron_axe":139,"minecraft:polished_deepslate_wall":1,"tombstone:gift":8,"minecraft:cobbled_deepslate":2,"minecraft:iron_leggings":1,"minecraft:calcite":4,"minecraft:cooked_mutton":8,"minecraft:water_bucket":79,"minecraft:red_nether_bricks":2,"minecraft:mangrove_trapdoor":1,"minecraft:crafting_table":10,"minecraft:magenta_bed":2,"minecraft:smoker":4,"minecraft:iron_pickaxe":287,"minecraft:spruce_trapdoor":1,"minecraft:spruce_sapling":2,"minecraft:stone_axe":96,"minecraft:cobblestone":141,"minecraft:cooked_porkchop":6,"minecraft:bucket":79,"naturalist:cooked_lizard_tail":1,"minecraft:pumpkin_pie":3,"alexsmobs:animal_dictionary":1},"minecraft:mined":{"minecraft:dark_oak_planks":15,"minecraft:spruce_planks":22,"luminousworld:yellowpetunias":1,"minecraft:red_nether_bricks":2,"minecraft:brewing_stand":1,"minecraft:spruce_trapdoor":1,"minecraft:grass_block":8,"minecraft:infested_cobblestone":2,"minecraft:coal_block":2,"minecraft:chiseled_stone_bricks":2,"minecraft:spawner":1,"minecraft:smooth_stone":2,"minecraft:mossy_cobblestone_stairs":1,"minecraft:dark_oak_trapdoor":1,"minecraft:iron_ore":45,"minecraft:fire":1,"minecraft:deepslate_lapis_ore":1,"minecraft:stripped_dark_oak_wood":3,"minecraft:dark_oak_stairs":1,"illagerinvasion:magic_fire":3,"minecraft:stripped_mangrove_wood":2,"minecraft:player_head":1,"minecraft:red_bed":1,"minecraft:smoker":5,"minecraft:powder_snow":2,"minecraft:clay":6,"minecraft:blast_furnace":2,"minecraft:calcite":7,"minecraft:chest":2,"minecraft:nether_brick_slab":7,"minecraft:cobblestone":31,"minecraft:oak_planks":13,"minecraft:sugar_cane":7,"minecraft:bricks":6,"placeablesmod:bread_full_block":2,"minecraft:wall_torch":3,"minecraft:dark_oak_slab":3,"minecraft:magenta_bed":2,"minecraft:black_bed":5,"minecraft:stone_brick_stairs":1,"minecraft:grass":10,"minecraft:oak_log":5,"minecraft:sand":21,"minecraft:dirt":62,"luminousworld:grassvariant_3":4,"minecraft:polished_deepslate_wall":1,"minecraft:oak_leaves":1,"minecraft:deepslate":2,"minecraft:dark_prismarine":5,"minecraft:mossy_cobblestone":3,"minecraft:dark_oak_leaves":4,"luminousworld:grassvariant_4":1,"luminousworld:mossbuds_1":1,"minecraft:dark_oak_fence":1,"luminousworld:mossbuds_2":1,"minecraft:redstone_wire":2,"luminousworld:grassvariant_2":3,"luminousworld:clovers_2":1,"minecraft:mangrove_trapdoor":1,"minecraft:spruce_leaves":8,"luminousworld:groundpebbles_3":4,"minecraft:furnace":5,"minecraft:snow":2,"minecraft:andesite":1,"luminousworld:mossbuds_3":1,"minecraft:gold_block":1,"minecraft:mossy_stone_brick_stairs":1,"minecraft:bookshelf":22,"minecraft:deepslate_iron_ore":11,"minecraft:rail":1,"luminousworld:groundpebbles_2":1,"minecraft:stone":157,"minecraft:hanging_roots":1,"luminousworld:blueberrybush":1,"minecraft:snow_block":5,"minecraft:dandelion":1,"minecraft:oak_fence":3,"minecraft:crafting_table":9,"minecraft:tall_grass":2,"minecraft:diorite":10,"minecraft:red_terracotta":1,"minecraft:coarse_dirt":1,"placeablesmod:cooked_mutton_block":1,"minecraft:sweet_berry_bush":29,"minecraft:white_carpet":10,"minecraft:spruce_log":20,"minecraft:coal_ore":56,"minecraft:zombie_head":1,"minecraft:cyan_carpet":1,"minecraft:cobweb":8,"minecraft:cracked_stone_bricks":1,"minecraft:stone_bricks":13,"minecraft:fern":1},"minecraft:picked_up":{"minecraft:stone_brick_stairs":1,"minecraft:brewing_stand":1,"minecraft:polished_deepslate_wall":1,"minecraft:string":10,"minecraft:red_nether_bricks":2,"minecraft:iron_leggings":2,"minecraft:zombie_head":1,"minecraft:cobbled_deepslate":2,"minecraft:spruce_planks":21,"minecraft:calcite":12,"minecraft:iron_pickaxe":2,"minecraft:coal_block":2,"minecraft:furnace":5,"minecraft:stick":4,"minecraft:oak_fence":3,"minecraft:torch":4,"minecraft:porkchop":7,"tombstone:grave_dust":2,"minecraft:diorite":26,"minecraft:rabbit_foot":9,"minecraft:rotten_flesh":20,"minecraft:snowball":22,"minecraft:cobblestone":184,"minecraft:feather":11,"minecraft:andesite":1,"minecraft:black_bed":5,"minecraft:brown_wool":3,"minecraft:smoker":4,"minecraft:potato":1,"undead_revamp2:huntereye":1,"minecraft:magenta_bed":2,"minecraft:map":1,"minecraft:lapis_lazuli":4,"minecraft:dirt":74,"minecraft:bone":6,"minecraft:wheat_seeds":1,"minecraft:rabbit":3,"minecraft:oak_planks":11,"minecraft:sand":21,"minecraft:red_terracotta":1,"minecraft:mossy_cobblestone":2,"minecraft:dark_prismarine":5,"minecraft:bundle":1,"minecraft:polished_andesite":1,"minecraft:golden_apple":1,"minecraft:spruce_sign":2,"minecraft:chainmail_helmet":1,"minecraft:bread":3,"minecraft:dark_oak_fence":1,"minecraft:bricks":6,"luminousworld:groundpebbles_1":5,"minecraft:crafting_table":9,"minecraft:chicken":10,"minecraft:clay_ball":20,"minecraft:chest_minecart":1,"minecraft:gold_block":1,"minecraft:red_bed":1,"minecraft:white_carpet":13,"minecraft:cyan_carpet":1,"minecraft:cracked_stone_bricks":2,"minecraft:player_head":1,"minecraft:light_gray_wool":1,"minecraft:sugar_cane":14,"minecraft:chest":2,"minecraft:spruce_trapdoor":1,"minecraft:raw_iron":56,"minecraft:stripped_mangrove_wood":2,"minecraft:cookie":5,"minecraft:mangrove_trapdoor":1,"minecraft:dark_oak_planks":9,"minecraft:stripped_dark_oak_wood":4,"minecraft:gold_ingot":5,"tombstone:essence_of_undeath":1,"minecraft:mutton":8,"minecraft:white_wool":2,"minecraft:skeleton_skull":1,"minecraft:rail":2,"minecraft:bone_block":13,"born_in_chaos_v1:corpse_maggot":12,"minecraft:air":0,"minecraft:leather":3,"minecraft:red_mushroom":1,"minecraft:filled_map":1,"minecraft:oak_log":5,"minecraft:chainmail_chestplate":1,"minecraft:cooked_mutton":2,"minecraft:stone_bricks":13,"minecraft:rabbit_hide":15,"minecraft:iron_ingot":7,"minecraft:iron_sword":10,"minecraft:dark_oak_stairs":1,"minecraft:book":62,"endrem:witch_pupil":1,"minecraft:dark_oak_slab":2,"minecraft:sweet_berries":65,"minecraft:spruce_sapling":2,"minecraft:blast_furnace":2,"minecraft:spruce_log":20,"minecraft:nether_brick_slab":5,"naturalist:cooked_lizard_tail":1,"minecraft:mossy_cobblestone_stairs":1,"tombstone:magic_scroll":2,"minecraft:coal":214},"minecraft:dropped":{"minecraft:iron_sword":3,"minecraft:glass_bottle":3,"minecraft:crafting_table":4,"minecraft:dark_oak_slab":2,"minecraft:leather":2,"minecraft:chest_minecart":1,"minecraft:cracked_stone_bricks":2,"minecraft:red_mushroom":1,"minecraft:dirt":13,"minecraft:red_bed":1,"minecraft:stripped_dark_oak_wood":1,"minecraft:white_wool":3,"minecraft:rotten_flesh":192,"minecraft:oak_planks":6,"minecraft:rabbit_foot":3,"minecraft:rabbit_hide":4,"born_in_chaos_v1:corpse_maggot":2,"minecraft:chest":1,"minecraft:wheat_seeds":1,"minecraft:mossy_cobblestone":2,"endrem:witch_pupil":1,"minecraft:feather":16,"minecraft:oak_fence":3,"minecraft:cobblestone":6,"minecraft:copper_ingot":1,"minecraft:polished_andesite":1,"minecraft:stick":4,"minecraft:diorite":8,"minecraft:brown_wool":3,"tombstone:grave_dust":1,"minecraft:iron_axe":1,"minecraft:paper":2,"minecraft:string":14,"minecraft:nether_brick_slab":5,"minecraft:white_carpet":2,"minecraft:light_gray_wool":2,"minecraft:clay_ball":20,"minecraft:filled_map":1,"luminousworld:groundpebbles_1":5,"minecraft:stone_pickaxe":1,"minecraft:wooden_pickaxe":1,"minecraft:calcite":12},"minecraft:crafted":{"minecraft:oak_planks":20,"minecraft:cooked_chicken":10,"minecraft:cooked_rabbit":3,"sophisticatedbackpacks:backpack":1,"minecraft:cooked_porkchop":7,"minecraft:crafting_table":3,"minecraft:spruce_planks":52,"minecraft:wooden_pickaxe":1,"minecraft:iron_helmet":1,"minecraft:spruce_door":3,"minecraft:iron_chestplate":1,"minecraft:shield":1,"minecraft:stick":20,"quark:oak_chest":1,"minecraft:iron_ingot":26,"minecraft:iron_pickaxe":1,"minecraft:stone_sword":1,"minecraft:furnace":1,"minecraft:leather":3,"minecraft:iron_axe":2,"born_in_chaos_v1:fried_maggot":2,"minecraft:stone_pickaxe":1,"minecraft:iron_sword":2,"minecraft:bucket":1,"minecraft:stone_axe":1,"minecraft:air":0,"minecraft:iron_shovel":1,"minecraft:iron_leggings":1,"minecraft:torch":8}},"DataVersion":3465}