{"stats":{"minecraft:custom":{"minecraft:time_since_rest":5237,"minecraft:crouch_one_cm":773,"minecraft:play_time":5237,"minecraft:sprint_one_cm":9579,"minecraft:damage_taken":30,"minecraft:walk_one_cm":9608,"minecraft:sneak_time":257,"minecraft:jump":34,"minecraft:time_since_death":5237,"minecraft:total_world_time":5237,"minecraft:interact_with_crafting_table":2,"minecraft:fall_one_cm":896,"minecraft:fly_one_cm":5553},"minecraft:used":{"minecraft:stone_axe":3,"minecraft:sweet_berries":2,"minecraft:wooden_pickaxe":31,"alexsmobs:animal_dictionary":1},"minecraft:mined":{"minecraft:coal_ore":1,"minecraft:sweet_berry_bush":1,"minecraft:spruce_leaves":4,"minecraft:spruce_log":10,"minecraft:stone":29},"minecraft:picked_up":{"minecraft:sweet_berries":2,"minecraft:spruce_sapling":1,"minecraft:spruce_log":9,"minecraft:coal":1,"minecraft:cobblestone":29},"minecraft:crafted":{"minecraft:stone_sword":1,"minecraft:stone_axe":1,"minecraft:spruce_planks":28,"minecraft:stick":20,"minecraft:wooden_pickaxe":1}},"DataVersion":3465}