{"stats":{"minecraft:killed_by":{"mutantmonsters:mutant_zombie":1},"minecraft:broken":{"minecraft:stone_axe":1,"aether:leather_gloves":1},"minecraft:killed":{"illagerinvasion:archivist":1,"minecraft:evoker":1,"alexsmobs:lobster":4,"born_in_chaos_v1:zombie_lumberjack":1,"minecraft:spider":2,"minecraft:vindicator":3,"undead_revamp2:thesmoker":1,"luminousworld:sunken_skeleton":1,"quark:toretoise":1,"minecraft:cod":4,"alexsmobs:seagull":1,"enemyexpansion:direwolf":3,"born_in_chaos_v1:siamese_skeletonsright":2,"illagerinvasion:basher":1,"born_in_chaos_v1:maggot":5,"minecraft:skeleton":6,"minecraft:chicken":2,"illagerinvasion:provoker":2,"ecologics:coconut_crab":1,"luminousworld:bass_fish":3,"undead_revamp2:thespitter":1,"enemyexpansion:vampflyer":1,"born_in_chaos_v1:barrel_zombie":1,"minecraft:pig":2,"born_in_chaos_v1:diamond_termite":3,"born_in_chaos_v1:baby_skeleton":1,"born_in_chaos_v1:swarmer":1,"minecraft:salmon":6,"earthmobsmod:wooly_cow":1,"born_in_chaos_v1:decrepit_skeleton":1,"minecraft:sheep":6,"alexsmobs:catfish":1,"minecraft:zombie":7,"born_in_chaos_v1:corpse_fly":5,"enemyexpansion:botfly":1,"enemyexpansion:huntsman":1,"born_in_chaos_v1:siamese_skeletonsleft":1,"minecraft:cow":2},"minecraft:custom":{"minecraft:mob_kills":90,"minecraft:interact_with_crafting_table":31,"minecraft:damage_dealt_resisted":76,"minecraft:leave_game":5,"minecraft:time_since_death":54288,"minecraft:sprint_one_cm":467771,"minecraft:walk_one_cm":210680,"minecraft:damage_blocked_by_shield":480,"minecraft:drop":32,"minecraft:talked_to_villager":5,"minecraft:play_time":161823,"minecraft:deaths":1,"minecraft:sneak_time":9765,"minecraft:walk_under_water_one_cm":24261,"minecraft:jump":2044,"minecraft:walk_on_water_one_cm":34749,"minecraft:total_world_time":161823,"minecraft:interact_with_furnace":45,"tombstone:raider_killed":8,"minecraft:sleep_in_bed":11,"minecraft:time_since_rest":3525,"minecraft:damage_taken":1986,"minecraft:damage_dealt":14632,"minecraft:swim_one_cm":54174,"minecraft:fly_one_cm":341798,"minecraft:open_chest":22,"minecraft:crouch_one_cm":37054,"tombstone:undead_killed":25,"minecraft:interact_with_smoker":6,"minecraft:fall_one_cm":45197},"minecraft:used":{"minecraft:spruce_planks":169,"minecraft:shield":18,"minecraft:iron_sword":217,"minecraft:cooked_salmon":4,"born_in_chaos_v1:fried_maggot":2,"minecraft:torch":14,"minecraft:dirt":10,"ecologics:seashell":1,"minecraft:wooden_axe":40,"luminousworld:blueberry":3,"alexsmobs:cooked_lobster_tail":1,"minecraft:stone_bricks":4,"minecraft:cooked_cod":2,"minecraft:furnace":7,"tombstone:gift":3,"minecraft:pumpkin":1,"minecraft:iron_leggings":1,"minecraft:cooked_mutton":5,"minecraft:water_bucket":1,"luminousworld:blackberry":2,"minecraft:baked_potato":9,"minecraft:stone_pickaxe":76,"minecraft:wooden_pickaxe":15,"minecraft:brown_mushroom":1,"minecraft:blue_bed":2,"luminousworld:groundpebbles_1":1,"minecraft:crafting_table":12,"minecraft:cod":2,"minecraft:spruce_log":1,"minecraft:shears":2,"minecraft:smoker":1,"luminousworld:cooked_bass":2,"tombstone:bag_of_seeds":1,"minecraft:apple":2,"minecraft:bread":5,"minecraft:string":4,"minecraft:iron_pickaxe":52,"minecraft:stone_axe":147,"minecraft:purple_bed":9,"minecraft:cooked_porkchop":4,"minecraft:bucket":2,"alexsmobs:animal_dictionary":1},"minecraft:mined":{"luminousworld:groundpebbles_1":1,"minecraft:spruce_planks":35,"minecraft:dark_oak_leaves":1,"minecraft:deepslate_diamond_ore":2,"minecraft:dark_oak_log":5,"minecraft:granite":3,"minecraft:grass_block":3,"ecologics:coconut_log":5,"minecraft:spruce_leaves":16,"minecraft:chiseled_stone_bricks":3,"minecraft:spawner":1,"minecraft:furnace":6,"minecraft:iron_ore":16,"minecraft:bookshelf":3,"minecraft:deepslate_iron_ore":14,"minecraft:stone":37,"minecraft:tripwire":2,"minecraft:brown_mushroom":1,"minecraft:glass_pane":4,"minecraft:smoker":1,"born_in_chaos_v1:infected_deepslate_diamond_ore":2,"minecraft:crafting_table":12,"minecraft:cobblestone":3,"minecraft:wall_torch":1,"minecraft:blue_bed":2,"minecraft:purple_bed":10,"luminousworld:black_berry_stage_1":1,"ecologics:seashell":1,"luminousworld:black_berry_stage_0":1,"minecraft:spruce_log":58,"minecraft:stone_brick_stairs":1,"minecraft:coal_ore":20,"minecraft:dirt":12,"minecraft:cobweb":20,"minecraft:stone_bricks":6,"minecraft:deepslate":24,"minecraft:fern":2},"minecraft:picked_up":{"minecraft:wheat":3,"luminousworld:groundpebbles_1":1,"minecraft:crafting_table":12,"born_in_chaos_v1:diamond_termite_shard":3,"luminousworld:blackberry":12,"minecraft:chicken":2,"minecraft:brown_mushroom":1,"artifacts:umbrella":1,"ecologics:seashell":1,"minecraft:enchanted_book":1,"minecraft:stone_brick_stairs":1,"aether:leather_gloves":1,"minecraft:string":27,"minecraft:pufferfish":1,"minecraft:cobbled_deepslate":20,"minecraft:spruce_planks":113,"minecraft:beef":5,"minecraft:iron_nugget":5,"minecraft:light_gray_wool":1,"minecraft:furnace":6,"minecraft:dark_oak_sapling":1,"minecraft:stick":2,"minecraft:raw_iron":31,"minecraft:torch":1,"minecraft:porkchop":6,"tombstone:grave_dust":1,"born_in_chaos_v1:pieceofdarkmetal":1,"mutantmonsters:hulk_hammer":1,"minecraft:arrow":16,"minecraft:rotten_flesh":16,"minecraft:shears":1,"ecologics:coconut_log":4,"minecraft:totem_of_undying":1,"minecraft:mutton":20,"minecraft:cod":4,"alexsmobs:lobster_tail":3,"minecraft:white_wool":4,"minecraft:cobblestone":39,"born_in_chaos_v1:fused_bone":4,"born_in_chaos_v1:corpse_maggot":7,"minecraft:feather":4,"minecraft:salmon":4,"minecraft:brown_wool":1,"minecraft:leather":4,"minecraft:smoker":1,"minecraft:oak_log":2,"minecraft:gunpowder":1,"minecraft:dirt":15,"minecraft:blue_bed":2,"quark:forgotten_hat":1,"minecraft:bone":8,"minecraft:stone_bricks":5,"minecraft:bow":1,"minecraft:stone_pickaxe":1,"tombstone:bag_of_seeds":1,"minecraft:book":9,"luminousworld:bass_item":2,"minecraft:pumpkin":1,"minecraft:chiseled_stone_bricks":3,"minecraft:spruce_sapling":4,"minecraft:spruce_log":59,"minecraft:dark_oak_log":12,"minecraft:bundle":1,"minecraft:purple_bed":10,"minecraft:diamond":2,"luminousworld:blueberry":4,"minecraft:granite":3,"minecraft:gray_wool":1,"minecraft:emerald":4,"tombstone:magic_scroll":1,"minecraft:coal":19},"minecraft:dropped":{"minecraft:enchanted_book":1,"luminousworld:blackberry":7,"born_in_chaos_v1:fried_maggot":3,"minecraft:cooked_porkchop":1,"minecraft:feather":4,"minecraft:pufferfish":1,"minecraft:gray_wool":1,"tombstone:magic_scroll":1,"minecraft:mutton":10,"minecraft:wooden_axe":1,"minecraft:string":3,"minecraft:bucket":1,"minecraft:white_wool":4,"minecraft:spruce_sapling":4,"mutantmonsters:hulk_hammer":1,"minecraft:chicken":2,"minecraft:light_gray_wool":1,"aether:leather_gloves":1,"minecraft:shears":1,"minecraft:chiseled_stone_bricks":3,"artifacts:umbrella":1,"minecraft:stone_bricks":1,"minecraft:wooden_pickaxe":1,"minecraft:stone_pickaxe":2,"minecraft:stone_brick_stairs":1},"minecraft:crafted":{"minecraft:furnace":3,"minecraft:cooked_mutton":10,"born_in_chaos_v1:fried_maggot":5,"minecraft:stone_pickaxe":1,"quark:spruce_chest":2,"minecraft:smoker":1,"sophisticatedbackpacks:iron_backpack":1,"minecraft:cooked_cod":2,"sophisticatedbackpacks:backpack":1,"luminousworld:cooked_bass":2,"minecraft:cooked_porkchop":6,"alexsmobs:cooked_lobster_tail":1,"minecraft:crafting_table":1,"minecraft:spruce_planks":160,"minecraft:baked_potato":9,"minecraft:wooden_pickaxe":1,"minecraft:iron_sword":1,"minecraft:cooked_salmon":4,"minecraft:stone_axe":2,"minecraft:bread":2,"minecraft:air":0,"minecraft:shield":1,"minecraft:stick":16,"minecraft:iron_ingot":26,"minecraft:iron_pickaxe":1,"minecraft:wooden_axe":1,"minecraft:iron_leggings":1,"minecraft:torch":16}},"DataVersion":3465}