{"stats":{"minecraft:killed_by":{"mutantmonsters:mutant_zombie":1,"minecraft:vindicator":1,"minecraft:zombie":1,"minecraft:skeleton":1},"minecraft:broken":{"minecraft:stone_axe":1,"minecraft:iron_sword":1,"minecraft:iron_pickaxe":1,"aether:leather_gloves":1},"minecraft:killed":{"illagerinvasion:archivist":4,"minecraft:cave_spider":5,"alexsmobs:lobster":4,"minecraft:witch":1,"born_in_chaos_v1:zombie_lumberjack":1,"minecraft:spider":2,"undead_revamp2:thesmoker":2,"minecraft:cod":13,"born_in_chaos_v1:siamese_skeletonsright":2,"illagerinvasion:basher":4,"minecraft:skeleton":27,"luminousworld:dark_oak_skeleton":3,"minecraft:chicken":3,"illagerinvasion:provoker":5,"ecologics:coconut_crab":1,"luminousworld:bass_fish":3,"minecraft:illusioner":1,"undead_revamp2:thespitter":2,"enemyexpansion:vampflyer":1,"artifacts:mimic":1,"minecraft:pig":2,"born_in_chaos_v1:diamond_termite":3,"minecraft:salmon":17,"undead_revamp2:theheavy":1,"luminousworld:crab":1,"minecraft:sheep":9,"minecraft:zombie":48,"illagerinvasion:sorcerer":1,"born_in_chaos_v1:corpse_fly":5,"enemyexpansion:botfly":3,"luminousworld:dark_oak_zombie":2,"born_in_chaos_v1:siamese_skeletonsleft":1,"minecraft:cow":6,"minecraft:evoker":2,"minecraft:vex":1,"minecraft:vindicator":10,"illagerinvasion:marauder":1,"luminousworld:sunken_skeleton":1,"quark:toretoise":1,"alexsmobs:seagull":1,"enemyexpansion:direwolf":4,"born_in_chaos_v1:maggot":21,"naturalist:bass":2,"born_in_chaos_v1:corpse_fish":1,"born_in_chaos_v1:barrel_zombie":1,"luminousworld:firefly":1,"minecraft:husk":14,"born_in_chaos_v1:baby_skeleton":1,"born_in_chaos_v1:swarmer":1,"enemyexpansion:sprinter":2,"earthmobsmod:wooly_cow":1,"born_in_chaos_v1:decrepit_skeleton":2,"alexsmobs:catfish":1,"undead_revamp2:thesomnolence":1,"born_in_chaos_v1:dark_vortex":1,"enemyexpansion:huntsman":2},"minecraft:custom":{"minecraft:interact_with_crafting_table":49,"minecraft:open_barrel":24,"minecraft:eat_cake_slice":7,"minecraft:leave_game":7,"minecraft:time_since_death":24992,"minecraft:sprint_one_cm":1154621,"minecraft:damage_blocked_by_shield":1215,"minecraft:drop":93,"minecraft:talked_to_villager":6,"minecraft:play_time":351385,"minecraft:deaths":7,"minecraft:interact_with_brewingstand":1,"minecraft:jump":4694,"minecraft:walk_on_water_one_cm":75028,"minecraft:interact_with_furnace":79,"minecraft:interact_with_cartography_table":1,"minecraft:sleep_in_bed":15,"minecraft:damage_dealt":46465,"minecraft:crouch_one_cm":86346,"tombstone:undead_killed":113,"minecraft:interact_with_smoker":23,"minecraft:interact_with_anvil":1,"minecraft:mob_kills":265,"minecraft:damage_dealt_resisted":1118,"minecraft:climb_one_cm":7618,"minecraft:walk_one_cm":587697,"minecraft:sneak_time":28572,"minecraft:walk_under_water_one_cm":47300,"minecraft:interact_with_blast_furnace":10,"minecraft:total_world_time":351385,"tombstone:raider_killed":29,"minecraft:time_since_rest":16783,"minecraft:damage_absorbed":80,"minecraft:damage_taken":8304,"minecraft:swim_one_cm":114073,"minecraft:fly_one_cm":733669,"minecraft:open_chest":171,"minecraft:fall_one_cm":80728},"minecraft:used":{"minecraft:chest":2,"minecraft:shield":39,"minecraft:iron_sword":520,"minecraft:carrot":13,"luminousworld:blueberry":3,"alexsmobs:cooked_lobster_tail":1,"minecraft:polished_andesite_stairs":1,"minecraft:stone_bricks":6,"minecraft:bow":29,"minecraft:cooked_cod":9,"minecraft:furnace":7,"minecraft:damaged_anvil":2,"minecraft:stone_pickaxe":76,"minecraft:wooden_pickaxe":15,"luminousworld:groundpebbles_1":1,"minecraft:blue_bed":2,"minecraft:cookie":3,"minecraft:golden_apple":2,"minecraft:mushroom_stew":1,"minecraft:blast_furnace":1,"minecraft:shears":2,"minecraft:bread":27,"minecraft:string":4,"minecraft:diamond_sword":417,"minecraft:cooked_rabbit":1,"minecraft:smooth_stone_slab":2,"minecraft:experience_bottle":1,"minecraft:spruce_planks":297,"minecraft:cooked_salmon":13,"born_in_chaos_v1:fried_maggot":10,"minecraft:torch":170,"minecraft:dirt":34,"ecologics:seashell":1,"minecraft:mossy_cobblestone_stairs":1,"minecraft:dark_oak_planks":198,"minecraft:wooden_axe":40,"quark:spruce_chest":4,"minecraft:iron_axe":215,"minecraft:spruce_button":1,"minecraft:barrel":3,"minecraft:beef":1,"tombstone:gift":7,"minecraft:cooked_beef":5,"minecraft:cobbled_deepslate":129,"minecraft:light_gray_bed":1,"minecraft:pumpkin":1,"minecraft:beetroot_soup":1,"minecraft:iron_leggings":1,"minecraft:cooked_mutton":17,"minecraft:water_bucket":16,"luminousworld:blackberry":5,"minecraft:baked_potato":14,"minecraft:brown_mushroom":1,"minecraft:mossy_cobblestone":2,"minecraft:crafting_table":14,"minecraft:cod":2,"minecraft:spruce_log":1,"minecraft:smoker":4,"luminousworld:cooked_bass":2,"tombstone:bag_of_seeds":2,"minecraft:flower_pot":1,"minecraft:apple":15,"minecraft:iron_pickaxe":653,"tombstone:magic_scroll":1,"minecraft:stone_axe":167,"minecraft:cobblestone":13,"minecraft:purple_bed":11,"minecraft:cooked_porkchop":4,"minecraft:bucket":17,"alexsmobs:animal_dictionary":1},"minecraft:mined":{"minecraft:dark_oak_planks":26,"minecraft:spruce_planks":71,"minecraft:red_nether_bricks":8,"minecraft:spruce_trapdoor":6,"minecraft:granite":3,"minecraft:grass_block":3,"minecraft:mangrove_fence":2,"twilightforest:twilight_oak_chest":1,"minecraft:light_gray_bed":2,"minecraft:coal_block":2,"minecraft:chiseled_stone_bricks":3,"minecraft:spawner":12,"minecraft:smooth_stone":3,"minecraft:mossy_cobblestone_stairs":1,"minecraft:iron_ore":54,"minecraft:cobbled_deepslate":11,"minecraft:fire":4,"minecraft:barrel":3,"minecraft:stripped_dark_oak_wood":2,"illagerinvasion:magic_fire":7,"minecraft:player_head":1,"minecraft:tripwire":2,"minecraft:green_bed":1,"minecraft:deepslate_redstone_ore":2,"minecraft:brown_mushroom":1,"minecraft:kelp_plant":3,"minecraft:smoker":3,"born_in_chaos_v1:infected_deepslate_diamond_ore":2,"minecraft:torch":28,"minecraft:blast_furnace":11,"minecraft:calcite":8,"minecraft:polished_andesite_stairs":4,"minecraft:chest":1,"minecraft:smooth_quartz_slab":2,"minecraft:cobblestone":34,"minecraft:oak_planks":2,"minecraft:damaged_anvil":2,"minecraft:wall_torch":23,"minecraft:skeleton_skull":3,"ecologics:seashell":1,"minecraft:birch_door":1,"minecraft:stone_brick_stairs":1,"minecraft:wither_rose":1,"minecraft:smooth_stone_slab":7,"minecraft:grass":5,"minecraft:dirt":18,"minecraft:red_mushroom_block":5,"minecraft:netherrack":2,"minecraft:oak_leaves":12,"minecraft:deepslate":322,"luminousworld:groundpebbles_1":1,"minecraft:tuff":18,"minecraft:mossy_cobblestone":3,"minecraft:dark_oak_leaves":2,"minecraft:deepslate_diamond_ore":6,"minecraft:dark_oak_log":80,"minecraft:dark_oak_fence":1,"ecologics:coconut_log":5,"minecraft:spruce_leaves":18,"minecraft:moss_block":2,"minecraft:kelp":1,"minecraft:black_stained_glass_pane":6,"minecraft:furnace":6,"minecraft:gold_block":3,"minecraft:bookshelf":4,"minecraft:deepslate_iron_ore":19,"minecraft:lantern":1,"minecraft:smooth_quartz_stairs":1,"minecraft:stone":77,"minecraft:mangrove_stairs":1,"minecraft:glass_pane":8,"minecraft:crafting_table":13,"placeablesmod:apple_block":2,"minecraft:diorite":10,"minecraft:blue_bed":2,"minecraft:spruce_stairs":2,"minecraft:purple_bed":11,"minecraft:coarse_dirt":2,"luminousworld:black_berry_stage_1":2,"luminousworld:black_berry_stage_0":1,"minecraft:spruce_log":90,"minecraft:mangrove_slab":3,"minecraft:coal_ore":31,"luminousworld:ishstone":1,"minecraft:zombie_head":10,"minecraft:flower_pot":2,"minecraft:gray_carpet":4,"minecraft:cobweb":81,"minecraft:polished_andesite":4,"minecraft:stone_bricks":13,"minecraft:fern":4},"minecraft:picked_up":{"minecraft:iron_chestplate":1,"minecraft:birch_door":1,"minecraft:wheat":3,"luminousworld:blackberry":18,"minecraft:flower_pot":2,"artifacts:umbrella":1,"minecraft:diamond_sword":9,"minecraft:wither_rose":1,"minecraft:enchanted_book":1,"minecraft:stone_brick_stairs":1,"minecraft:string":107,"minecraft:raw_copper":6,"minecraft:smooth_stone_slab":6,"minecraft:iron_leggings":1,"minecraft:beetroot_soup":1,"minecraft:pufferfish":1,"minecraft:zombie_head":10,"minecraft:cobbled_deepslate":322,"minecraft:smooth_stone":4,"minecraft:spruce_planks":149,"minecraft:calcite":10,"minecraft:iron_pickaxe":3,"minecraft:coal_block":2,"minecraft:smooth_quartz_stairs":1,"minecraft:furnace":6,"minecraft:stick":3,"minecraft:oak_fence":1,"minecraft:torch":54,"minecraft:spruce_stairs":1,"minecraft:porkchop":6,"tombstone:grave_dust":16,"minecraft:diorite":19,"mutantmonsters:hulk_hammer":1,"minecraft:mangrove_stairs":1,"minecraft:light_gray_bed":2,"minecraft:rotten_flesh":72,"ecologics:coconut_log":4,"minecraft:cod":11,"alexsmobs:lobster_tail":3,"minecraft:cobblestone":101,"minecraft:feather":7,"minecraft:brown_wool":4,"minecraft:smoker":3,"minecraft:tuff":18,"minecraft:dirt":44,"minecraft:lantern":1,"minecraft:mangrove_fence":2,"minecraft:bone":35,"minecraft:bow":2,"minecraft:wheat_seeds":1,"minecraft:moss_block":2,"minecraft:oak_planks":2,"luminousworld:bass_item":2,"minecraft:mossy_cobblestone":4,"minecraft:dark_oak_log":84,"minecraft:barrel":3,"undead_revamp2:heavytooth":2,"minecraft:bundle":2,"minecraft:polished_andesite":3,"minecraft:diamond":6,"luminousworld:blueberry":4,"minecraft:granite":3,"minecraft:bone_meal":2,"minecraft:golden_apple":1,"minecraft:spruce_button":1,"minecraft:emerald":12,"minecraft:bread":5,"minecraft:oak_sapling":1,"minecraft:netherrack":2,"minecraft:dark_oak_fence":1,"luminousworld:groundpebbles_1":1,"minecraft:crafting_table":15,"born_in_chaos_v1:diamond_termite_shard":3,"minecraft:chicken":3,"minecraft:brown_mushroom":1,"ecologics:seashell":1,"minecraft:cooked_rabbit":1,"minecraft:gold_block":3,"aether:leather_gloves":1,"illagerinvasion:unusual_dust":1,"minecraft:iron_axe":3,"minecraft:iron_shovel":2,"minecraft:candle":1,"minecraft:beef":10,"minecraft:player_head":1,"minecraft:iron_nugget":19,"minecraft:light_gray_wool":2,"minecraft:chest":2,"minecraft:spruce_trapdoor":6,"minecraft:dark_oak_sapling":1,"minecraft:raw_iron":74,"twilightforest:twilight_oak_chest":1,"minecraft:cookie":10,"born_in_chaos_v1:pieceofdarkmetal":1,"minecraft:redstone":9,"minecraft:dark_oak_planks":31,"artifacts:snorkel":1,"minecraft:arrow":45,"minecraft:beetroot_seeds":4,"minecraft:shears":1,"minecraft:stripped_dark_oak_wood":2,"minecraft:totem_of_undying":2,"minecraft:mutton":26,"minecraft:bone_block":8,"minecraft:skeleton_skull":3,"minecraft:white_wool":5,"born_in_chaos_v1:fused_bone":4,"born_in_chaos_v1:corpse_maggot":19,"minecraft:salmon":13,"luminousworld:ishstone":1,"minecraft:leather":10,"minecraft:red_mushroom":2,"minecraft:filled_map":1,"minecraft:oak_log":2,"minecraft:chainmail_chestplate":1,"minecraft:gunpowder":1,"minecraft:blue_bed":2,"minecraft:paper":3,"tombstone:gift":1,"quark:forgotten_hat":1,"naturalist:bass":2,"minecraft:stone_bricks":11,"minecraft:apple":2,"minecraft:gray_carpet":9,"minecraft:kelp":2,"minecraft:rabbit_hide":4,"minecraft:stone_pickaxe":1,"tombstone:bag_of_seeds":3,"minecraft:glass_bottle":1,"minecraft:iron_sword":9,"minecraft:book":15,"minecraft:polished_andesite_stairs":4,"endrem:witch_pupil":3,"minecraft:pumpkin":1,"minecraft:chiseled_stone_bricks":3,"born_in_chaos_v1:ethereal_spirit":1,"born_in_chaos_v1:dark_rod":1,"minecraft:spruce_sapling":4,"minecraft:blast_furnace":11,"minecraft:spruce_log":94,"minecraft:nether_brick_slab":5,"minecraft:spider_eye":3,"minecraft:purple_bed":11,"minecraft:iron_helmet":1,"minecraft:mossy_cobblestone_stairs":1,"minecraft:gray_wool":1,"tombstone:magic_scroll":3,"minecraft:melon_seeds":1,"minecraft:damaged_anvil":2,"minecraft:netherite_hoe":1,"minecraft:smooth_quartz_slab":2,"minecraft:coal":35},"minecraft:dropped":{"minecraft:iron_sword":2,"minecraft:candle":1,"born_in_chaos_v1:fried_maggot":3,"minecraft:glass_bottle":1,"minecraft:crafting_table":1,"minecraft:cooked_porkchop":1,"minecraft:leather":3,"minecraft:dirt":4,"minecraft:dark_oak_fence":1,"minecraft:mutton":10,"minecraft:iron_pickaxe":1,"minecraft:white_wool":5,"mutantmonsters:hulk_hammer":1,"minecraft:golden_chestplate":1,"minecraft:cooked_chicken":1,"minecraft:rotten_flesh":18,"aether:leather_gloves":1,"minecraft:cooked_mutton":7,"minecraft:chainmail_chestplate":1,"minecraft:chiseled_stone_bricks":3,"artifacts:umbrella":1,"minecraft:beetroot_seeds":4,"minecraft:melon_seeds":1,"minecraft:stone_brick_stairs":1,"minecraft:enchanted_book":1,"minecraft:wheat_seeds":1,"luminousworld:blackberry":7,"minecraft:mossy_cobblestone":1,"endrem:witch_pupil":2,"minecraft:feather":6,"minecraft:iron_helmet":1,"minecraft:cobblestone":4,"minecraft:spruce_button":1,"minecraft:spruce_stairs":1,"minecraft:polished_andesite":1,"minecraft:pufferfish":1,"minecraft:gray_wool":1,"minecraft:diorite":17,"tombstone:magic_scroll":1,"minecraft:wooden_axe":1,"minecraft:brown_wool":3,"minecraft:iron_leggings":1,"minecraft:polished_andesite_stairs":3,"minecraft:iron_axe":1,"minecraft:smooth_stone":1,"minecraft:paper":1,"minecraft:iron_shovel":1,"minecraft:string":10,"minecraft:bucket":1,"minecraft:gray_carpet":9,"minecraft:spruce_sapling":4,"minecraft:nether_brick_slab":5,"minecraft:raw_copper":6,"minecraft:smooth_stone_slab":2,"minecraft:bowl":1,"minecraft:chicken":2,"minecraft:light_gray_wool":2,"minecraft:shears":1,"minecraft:filled_map":1,"minecraft:oak_sapling":1,"minecraft:stone_bricks":3,"minecraft:stone_pickaxe":2,"minecraft:wooden_pickaxe":1,"minecraft:calcite":5},"minecraft:crafted":{"minecraft:cooked_chicken":1,"minecraft:cooked_mutton":24,"minecraft:bow":1,"minecraft:iron_boots":1,"minecraft:chest":1,"minecraft:smoker":1,"sophisticatedbackpacks:backpack":1,"luminousworld:cooked_bass":2,"minecraft:cooked_porkchop":6,"minecraft:crafting_table":1,"minecraft:spruce_planks":324,"minecraft:wooden_pickaxe":1,"minecraft:baked_potato":14,"minecraft:iron_chestplate":1,"minecraft:shield":1,"minecraft:stick":52,"minecraft:iron_ingot":38,"minecraft:iron_pickaxe":1,"minecraft:gold_ingot":9,"minecraft:spruce_button":1,"minecraft:furnace":3,"born_in_chaos_v1:fried_maggot":13,"minecraft:stone_pickaxe":1,"quark:spruce_chest":6,"minecraft:dark_oak_planks":280,"sophisticatedbackpacks:iron_backpack":1,"minecraft:cooked_beef":5,"minecraft:cooked_cod":9,"alexsmobs:cooked_lobster_tail":1,"minecraft:iron_sword":3,"minecraft:cooked_salmon":13,"sophisticatedbackpacks:gold_backpack":1,"minecraft:stone_axe":2,"minecraft:bread":2,"minecraft:air":0,"minecraft:wooden_axe":1,"minecraft:iron_leggings":1,"minecraft:torch":96}},"DataVersion":3465}