{"stats":{"minecraft:killed_by":{"mutantmonsters:mutant_zombie":1,"minecraft:vindicator":1},"minecraft:broken":{"minecraft:stone_axe":1,"minecraft:iron_sword":1,"minecraft:iron_pickaxe":1,"aether:leather_gloves":1},"minecraft:killed":{"illagerinvasion:archivist":3,"alexsmobs:lobster":4,"minecraft:cave_spider":1,"minecraft:witch":1,"born_in_chaos_v1:zombie_lumberjack":1,"minecraft:spider":2,"undead_revamp2:thesmoker":1,"minecraft:cod":13,"born_in_chaos_v1:siamese_skeletonsright":2,"illagerinvasion:basher":3,"minecraft:skeleton":14,"minecraft:chicken":3,"illagerinvasion:provoker":4,"ecologics:coconut_crab":1,"luminousworld:bass_fish":3,"undead_revamp2:thespitter":2,"enemyexpansion:vampflyer":1,"artifacts:mimic":1,"minecraft:pig":2,"born_in_chaos_v1:diamond_termite":3,"minecraft:salmon":17,"luminousworld:crab":1,"minecraft:sheep":9,"minecraft:zombie":20,"born_in_chaos_v1:corpse_fly":5,"enemyexpansion:botfly":1,"born_in_chaos_v1:siamese_skeletonsleft":1,"minecraft:cow":3,"minecraft:evoker":2,"minecraft:vex":1,"minecraft:vindicator":7,"illagerinvasion:marauder":1,"luminousworld:sunken_skeleton":1,"quark:toretoise":1,"alexsmobs:seagull":1,"enemyexpansion:direwolf":4,"born_in_chaos_v1:maggot":10,"born_in_chaos_v1:corpse_fish":1,"born_in_chaos_v1:barrel_zombie":1,"luminousworld:firefly":1,"born_in_chaos_v1:baby_skeleton":1,"born_in_chaos_v1:swarmer":1,"enemyexpansion:sprinter":2,"earthmobsmod:wooly_cow":1,"born_in_chaos_v1:decrepit_skeleton":2,"alexsmobs:catfish":1,"undead_revamp2:thesomnolence":1,"enemyexpansion:huntsman":2},"minecraft:custom":{"minecraft:interact_with_crafting_table":45,"minecraft:open_barrel":17,"minecraft:eat_cake_slice":3,"minecraft:leave_game":6,"minecraft:time_since_death":11356,"minecraft:sprint_one_cm":888466,"minecraft:damage_blocked_by_shield":805,"minecraft:drop":58,"minecraft:talked_to_villager":6,"minecraft:play_time":252195,"minecraft:deaths":3,"minecraft:jump":3201,"minecraft:interact_with_brewingstand":1,"minecraft:walk_on_water_one_cm":52686,"minecraft:interact_with_furnace":69,"minecraft:interact_with_cartography_table":1,"minecraft:sleep_in_bed":13,"minecraft:damage_dealt":27236,"minecraft:crouch_one_cm":64056,"tombstone:undead_killed":51,"minecraft:interact_with_smoker":16,"minecraft:mob_kills":170,"minecraft:damage_dealt_resisted":96,"minecraft:climb_one_cm":4907,"minecraft:walk_one_cm":399283,"minecraft:sneak_time":19331,"minecraft:walk_under_water_one_cm":38614,"minecraft:interact_with_blast_furnace":3,"minecraft:total_world_time":252195,"tombstone:raider_killed":21,"minecraft:time_since_rest":10818,"minecraft:damage_taken":4823,"minecraft:damage_absorbed":40,"minecraft:swim_one_cm":86358,"minecraft:fly_one_cm":514251,"minecraft:open_chest":83,"minecraft:fall_one_cm":56934},"minecraft:used":{"minecraft:shield":25,"minecraft:iron_sword":405,"luminousworld:blueberry":3,"alexsmobs:cooked_lobster_tail":1,"minecraft:stone_bricks":6,"minecraft:bow":22,"minecraft:furnace":7,"minecraft:cooked_cod":9,"minecraft:stone_pickaxe":76,"minecraft:wooden_pickaxe":15,"luminousworld:groundpebbles_1":1,"minecraft:blue_bed":2,"minecraft:golden_apple":1,"minecraft:blast_furnace":1,"minecraft:shears":2,"minecraft:bread":13,"minecraft:string":4,"minecraft:diamond_sword":79,"minecraft:cooked_rabbit":1,"minecraft:experience_bottle":1,"minecraft:spruce_planks":234,"born_in_chaos_v1:fried_maggot":2,"minecraft:cooked_salmon":10,"minecraft:torch":139,"minecraft:dirt":34,"ecologics:seashell":1,"minecraft:wooden_axe":40,"minecraft:iron_axe":32,"minecraft:spruce_button":1,"minecraft:barrel":2,"tombstone:gift":7,"minecraft:cobbled_deepslate":129,"minecraft:pumpkin":1,"minecraft:iron_leggings":1,"minecraft:cooked_mutton":14,"minecraft:water_bucket":8,"minecraft:baked_potato":9,"luminousworld:blackberry":5,"minecraft:brown_mushroom":1,"minecraft:mossy_cobblestone":2,"minecraft:crafting_table":13,"minecraft:cod":2,"minecraft:smoker":3,"minecraft:spruce_log":1,"luminousworld:cooked_bass":2,"tombstone:bag_of_seeds":2,"minecraft:apple":14,"minecraft:iron_pickaxe":455,"minecraft:stone_axe":167,"minecraft:cobblestone":2,"minecraft:purple_bed":11,"minecraft:cooked_porkchop":4,"minecraft:bucket":9,"alexsmobs:animal_dictionary":1},"minecraft:mined":{"minecraft:spruce_planks":59,"minecraft:granite":3,"minecraft:grass_block":3,"twilightforest:twilight_oak_chest":1,"minecraft:chiseled_stone_bricks":3,"minecraft:spawner":6,"minecraft:smooth_stone":3,"minecraft:cobbled_deepslate":11,"minecraft:fire":4,"minecraft:iron_ore":17,"minecraft:barrel":3,"minecraft:green_bed":1,"minecraft:tripwire":2,"minecraft:deepslate_redstone_ore":2,"minecraft:brown_mushroom":1,"minecraft:kelp_plant":3,"minecraft:smoker":3,"born_in_chaos_v1:infected_deepslate_diamond_ore":2,"minecraft:torch":27,"minecraft:blast_furnace":2,"minecraft:polished_andesite_stairs":2,"minecraft:cobblestone":11,"minecraft:oak_planks":2,"minecraft:damaged_anvil":1,"minecraft:wall_torch":21,"minecraft:skeleton_skull":2,"ecologics:seashell":1,"minecraft:stone_brick_stairs":1,"minecraft:smooth_stone_slab":1,"minecraft:dirt":16,"minecraft:netherrack":2,"minecraft:deepslate":322,"luminousworld:groundpebbles_1":1,"minecraft:tuff":18,"minecraft:mossy_cobblestone":2,"minecraft:dark_oak_leaves":1,"minecraft:deepslate_diamond_ore":6,"minecraft:dark_oak_log":5,"ecologics:coconut_log":5,"minecraft:spruce_leaves":17,"minecraft:kelp":1,"minecraft:furnace":6,"minecraft:gold_block":3,"minecraft:bookshelf":3,"minecraft:deepslate_iron_ore":19,"minecraft:lantern":1,"minecraft:stone":37,"minecraft:glass_pane":4,"minecraft:crafting_table":13,"minecraft:diorite":1,"minecraft:blue_bed":2,"minecraft:purple_bed":11,"luminousworld:black_berry_stage_1":2,"luminousworld:black_berry_stage_0":1,"minecraft:spruce_log":58,"minecraft:coal_ore":20,"minecraft:zombie_head":7,"minecraft:flower_pot":2,"minecraft:cobweb":46,"minecraft:stone_bricks":10,"minecraft:polished_andesite":2,"minecraft:fern":4},"minecraft:picked_up":{"minecraft:wheat":3,"luminousworld:blackberry":18,"minecraft:flower_pot":2,"artifacts:umbrella":1,"minecraft:diamond_sword":4,"minecraft:enchanted_book":1,"minecraft:stone_brick_stairs":1,"minecraft:string":56,"minecraft:raw_copper":6,"minecraft:smooth_stone_slab":1,"minecraft:pufferfish":1,"minecraft:zombie_head":7,"minecraft:cobbled_deepslate":322,"minecraft:smooth_stone":3,"minecraft:spruce_planks":136,"minecraft:iron_pickaxe":1,"minecraft:furnace":6,"minecraft:stick":3,"minecraft:oak_fence":1,"minecraft:torch":50,"minecraft:porkchop":6,"tombstone:grave_dust":5,"minecraft:diorite":1,"mutantmonsters:hulk_hammer":1,"minecraft:rotten_flesh":33,"ecologics:coconut_log":4,"minecraft:cod":11,"minecraft:cobblestone":47,"alexsmobs:lobster_tail":3,"minecraft:feather":7,"minecraft:brown_wool":2,"minecraft:smoker":3,"minecraft:tuff":18,"minecraft:dirt":41,"minecraft:lantern":1,"minecraft:bone":20,"minecraft:bow":1,"minecraft:oak_planks":2,"luminousworld:bass_item":2,"minecraft:mossy_cobblestone":2,"minecraft:dark_oak_log":14,"minecraft:barrel":3,"minecraft:bundle":1,"minecraft:polished_andesite":2,"minecraft:diamond":6,"luminousworld:blueberry":4,"minecraft:granite":3,"minecraft:bone_meal":2,"minecraft:spruce_button":1,"minecraft:emerald":9,"minecraft:bread":4,"minecraft:netherrack":2,"luminousworld:groundpebbles_1":1,"born_in_chaos_v1:diamond_termite_shard":3,"minecraft:crafting_table":14,"minecraft:chicken":3,"minecraft:brown_mushroom":1,"ecologics:seashell":1,"minecraft:cooked_rabbit":1,"minecraft:gold_block":3,"aether:leather_gloves":1,"minecraft:iron_axe":1,"minecraft:candle":1,"minecraft:beef":6,"minecraft:iron_nugget":19,"minecraft:light_gray_wool":2,"minecraft:dark_oak_sapling":1,"minecraft:raw_iron":37,"twilightforest:twilight_oak_chest":1,"born_in_chaos_v1:pieceofdarkmetal":1,"minecraft:redstone":9,"artifacts:snorkel":1,"minecraft:arrow":28,"minecraft:shears":1,"minecraft:totem_of_undying":2,"minecraft:mutton":26,"minecraft:white_wool":5,"minecraft:skeleton_skull":2,"minecraft:bone_block":8,"born_in_chaos_v1:fused_bone":4,"born_in_chaos_v1:corpse_maggot":9,"minecraft:salmon":13,"minecraft:leather":5,"minecraft:oak_log":2,"minecraft:chainmail_chestplate":1,"minecraft:gunpowder":1,"minecraft:blue_bed":2,"minecraft:paper":2,"tombstone:gift":1,"quark:forgotten_hat":1,"minecraft:stone_bricks":9,"minecraft:kelp":2,"minecraft:stone_pickaxe":1,"tombstone:bag_of_seeds":2,"minecraft:iron_sword":2,"minecraft:book":10,"minecraft:polished_andesite_stairs":2,"endrem:witch_pupil":3,"minecraft:pumpkin":1,"minecraft:chiseled_stone_bricks":3,"minecraft:spruce_sapling":4,"minecraft:blast_furnace":2,"minecraft:spruce_log":63,"minecraft:spider_eye":1,"minecraft:purple_bed":11,"minecraft:gray_wool":1,"tombstone:magic_scroll":2,"minecraft:damaged_anvil":1,"minecraft:melon_seeds":1,"minecraft:coal":19},"minecraft:dropped":{"minecraft:iron_sword":1,"minecraft:candle":1,"born_in_chaos_v1:fried_maggot":3,"minecraft:crafting_table":1,"minecraft:cooked_porkchop":1,"minecraft:leather":3,"minecraft:dirt":1,"minecraft:mutton":10,"minecraft:white_wool":5,"mutantmonsters:hulk_hammer":1,"minecraft:cooked_chicken":1,"minecraft:golden_chestplate":1,"aether:leather_gloves":1,"minecraft:cooked_mutton":7,"minecraft:chainmail_chestplate":1,"minecraft:chiseled_stone_bricks":3,"artifacts:umbrella":1,"minecraft:melon_seeds":1,"minecraft:stone_brick_stairs":1,"minecraft:enchanted_book":1,"luminousworld:blackberry":7,"endrem:witch_pupil":2,"minecraft:feather":6,"minecraft:spruce_button":1,"minecraft:pufferfish":1,"minecraft:gray_wool":1,"tombstone:magic_scroll":1,"minecraft:wooden_axe":1,"minecraft:brown_wool":1,"minecraft:polished_andesite_stairs":2,"minecraft:paper":1,"minecraft:string":9,"minecraft:bucket":1,"minecraft:spruce_sapling":4,"minecraft:raw_copper":6,"minecraft:chicken":2,"minecraft:light_gray_wool":2,"minecraft:shears":1,"minecraft:stone_bricks":1,"minecraft:stone_pickaxe":2,"minecraft:wooden_pickaxe":1},"minecraft:crafted":{"minecraft:cooked_chicken":1,"minecraft:cooked_mutton":24,"minecraft:bow":1,"minecraft:iron_boots":1,"minecraft:smoker":1,"luminousworld:cooked_bass":2,"sophisticatedbackpacks:backpack":1,"minecraft:cooked_porkchop":6,"minecraft:crafting_table":1,"minecraft:spruce_planks":200,"minecraft:wooden_pickaxe":1,"minecraft:baked_potato":9,"minecraft:iron_chestplate":1,"minecraft:shield":1,"minecraft:stick":52,"minecraft:iron_ingot":37,"minecraft:iron_pickaxe":1,"minecraft:gold_ingot":9,"minecraft:spruce_button":1,"minecraft:furnace":3,"born_in_chaos_v1:fried_maggot":5,"minecraft:stone_pickaxe":1,"quark:spruce_chest":2,"minecraft:dark_oak_planks":8,"sophisticatedbackpacks:iron_backpack":1,"minecraft:cooked_cod":9,"alexsmobs:cooked_lobster_tail":1,"minecraft:iron_sword":3,"minecraft:cooked_salmon":13,"sophisticatedbackpacks:gold_backpack":1,"minecraft:stone_axe":2,"minecraft:bread":2,"minecraft:air":0,"minecraft:wooden_axe":1,"minecraft:iron_leggings":1,"minecraft:torch":96}},"DataVersion":3465}