{"stats":{"minecraft:killed_by":{"mutantmonsters:mutant_zombie":1},"minecraft:broken":{"minecraft:stone_axe":1,"minecraft:iron_pickaxe":1,"aether:leather_gloves":1},"minecraft:killed":{"illagerinvasion:archivist":1,"minecraft:evoker":1,"minecraft:cave_spider":1,"alexsmobs:lobster":4,"minecraft:witch":1,"born_in_chaos_v1:zombie_lumberjack":1,"minecraft:spider":2,"minecraft:vindicator":3,"luminousworld:sunken_skeleton":1,"undead_revamp2:thesmoker":1,"quark:toretoise":1,"minecraft:cod":13,"alexsmobs:seagull":1,"enemyexpansion:direwolf":4,"born_in_chaos_v1:siamese_skeletonsright":2,"illagerinvasion:basher":1,"born_in_chaos_v1:maggot":5,"minecraft:skeleton":7,"minecraft:chicken":2,"illagerinvasion:provoker":2,"ecologics:coconut_crab":1,"luminousworld:bass_fish":3,"undead_revamp2:thespitter":2,"enemyexpansion:vampflyer":1,"artifacts:mimic":1,"born_in_chaos_v1:barrel_zombie":1,"minecraft:pig":2,"born_in_chaos_v1:diamond_termite":3,"born_in_chaos_v1:baby_skeleton":1,"born_in_chaos_v1:swarmer":1,"minecraft:salmon":7,"enemyexpansion:sprinter":2,"earthmobsmod:wooly_cow":1,"born_in_chaos_v1:decrepit_skeleton":2,"luminousworld:crab":1,"minecraft:sheep":6,"alexsmobs:catfish":1,"undead_revamp2:thesomnolence":1,"minecraft:zombie":11,"born_in_chaos_v1:corpse_fly":5,"enemyexpansion:huntsman":2,"enemyexpansion:botfly":1,"born_in_chaos_v1:siamese_skeletonsleft":1,"minecraft:cow":2},"minecraft:custom":{"minecraft:mob_kills":119,"minecraft:interact_with_crafting_table":40,"minecraft:open_barrel":11,"minecraft:damage_dealt_resisted":76,"minecraft:eat_cake_slice":3,"minecraft:leave_game":6,"minecraft:time_since_death":45676,"minecraft:climb_one_cm":4907,"minecraft:sprint_one_cm":772110,"minecraft:walk_one_cm":326446,"minecraft:damage_blocked_by_shield":535,"minecraft:drop":41,"minecraft:talked_to_villager":5,"minecraft:play_time":222195,"minecraft:deaths":2,"minecraft:sneak_time":17130,"minecraft:walk_under_water_one_cm":32806,"minecraft:jump":2777,"minecraft:interact_with_blast_furnace":3,"minecraft:walk_on_water_one_cm":50260,"minecraft:total_world_time":222195,"minecraft:interact_with_furnace":64,"tombstone:raider_killed":9,"minecraft:interact_with_cartography_table":1,"minecraft:sleep_in_bed":13,"minecraft:time_since_rest":1193,"minecraft:damage_taken":3509,"minecraft:damage_dealt":19535,"minecraft:swim_one_cm":74947,"minecraft:fly_one_cm":447773,"minecraft:open_chest":29,"minecraft:crouch_one_cm":58850,"tombstone:undead_killed":35,"minecraft:interact_with_smoker":8,"minecraft:fall_one_cm":53733},"minecraft:used":{"minecraft:spruce_planks":195,"minecraft:shield":20,"minecraft:iron_sword":338,"minecraft:cooked_salmon":4,"born_in_chaos_v1:fried_maggot":2,"minecraft:torch":120,"minecraft:dirt":32,"ecologics:seashell":1,"minecraft:wooden_axe":40,"minecraft:iron_axe":10,"luminousworld:blueberry":3,"minecraft:spruce_button":1,"alexsmobs:cooked_lobster_tail":1,"minecraft:barrel":2,"minecraft:stone_bricks":4,"minecraft:cooked_cod":4,"minecraft:furnace":7,"tombstone:gift":4,"minecraft:pumpkin":1,"minecraft:cobbled_deepslate":129,"minecraft:iron_leggings":1,"minecraft:cooked_mutton":10,"minecraft:water_bucket":7,"luminousworld:blackberry":5,"minecraft:baked_potato":9,"minecraft:stone_pickaxe":76,"minecraft:wooden_pickaxe":15,"minecraft:brown_mushroom":1,"minecraft:blue_bed":2,"luminousworld:groundpebbles_1":1,"minecraft:crafting_table":13,"minecraft:blast_furnace":1,"minecraft:cod":2,"minecraft:spruce_log":1,"minecraft:smoker":2,"minecraft:shears":2,"luminousworld:cooked_bass":2,"tombstone:bag_of_seeds":2,"minecraft:apple":14,"minecraft:bread":13,"minecraft:string":4,"minecraft:iron_pickaxe":416,"minecraft:stone_axe":167,"minecraft:purple_bed":11,"minecraft:cooked_porkchop":4,"minecraft:cooked_rabbit":1,"minecraft:bucket":7,"alexsmobs:animal_dictionary":1},"minecraft:mined":{"luminousworld:groundpebbles_1":1,"minecraft:tuff":18,"minecraft:spruce_planks":49,"minecraft:dark_oak_leaves":1,"minecraft:deepslate_diamond_ore":6,"minecraft:dark_oak_log":5,"minecraft:granite":3,"minecraft:grass_block":3,"twilightforest:twilight_oak_chest":1,"ecologics:coconut_log":5,"minecraft:spruce_leaves":17,"minecraft:kelp":1,"minecraft:chiseled_stone_bricks":3,"minecraft:spawner":2,"minecraft:furnace":6,"minecraft:iron_ore":17,"minecraft:barrel":3,"minecraft:fire":4,"minecraft:cobbled_deepslate":11,"minecraft:gold_block":3,"minecraft:bookshelf":3,"minecraft:deepslate_iron_ore":19,"minecraft:stone":37,"minecraft:tripwire":2,"minecraft:green_bed":1,"minecraft:deepslate_redstone_ore":2,"minecraft:brown_mushroom":1,"minecraft:glass_pane":4,"minecraft:kelp_plant":3,"minecraft:smoker":2,"born_in_chaos_v1:infected_deepslate_diamond_ore":2,"minecraft:crafting_table":13,"minecraft:torch":25,"minecraft:blast_furnace":2,"minecraft:cobblestone":6,"minecraft:diorite":1,"minecraft:oak_planks":2,"minecraft:damaged_anvil":1,"minecraft:wall_torch":21,"minecraft:blue_bed":2,"minecraft:purple_bed":11,"luminousworld:black_berry_stage_1":2,"ecologics:seashell":1,"luminousworld:black_berry_stage_0":1,"minecraft:spruce_log":58,"minecraft:stone_brick_stairs":1,"minecraft:coal_ore":20,"minecraft:dirt":13,"minecraft:cobweb":46,"minecraft:stone_bricks":6,"minecraft:netherrack":2,"minecraft:deepslate":322,"minecraft:fern":2},"minecraft:picked_up":{"luminousworld:groundpebbles_1":1,"minecraft:crafting_table":14,"born_in_chaos_v1:diamond_termite_shard":3,"minecraft:wheat":3,"luminousworld:blackberry":18,"minecraft:chicken":2,"minecraft:brown_mushroom":1,"artifacts:umbrella":1,"ecologics:seashell":1,"minecraft:gold_block":3,"minecraft:cooked_rabbit":1,"minecraft:enchanted_book":1,"minecraft:stone_brick_stairs":1,"aether:leather_gloves":1,"minecraft:string":56,"minecraft:raw_copper":6,"minecraft:iron_axe":1,"minecraft:pufferfish":1,"minecraft:candle":1,"minecraft:cobbled_deepslate":322,"minecraft:spruce_planks":127,"minecraft:beef":5,"minecraft:iron_nugget":5,"minecraft:light_gray_wool":1,"minecraft:furnace":6,"minecraft:dark_oak_sapling":1,"minecraft:stick":3,"minecraft:raw_iron":37,"twilightforest:twilight_oak_chest":1,"minecraft:oak_fence":1,"minecraft:torch":46,"minecraft:porkchop":6,"tombstone:grave_dust":1,"minecraft:diorite":1,"born_in_chaos_v1:pieceofdarkmetal":1,"minecraft:redstone":9,"mutantmonsters:hulk_hammer":1,"artifacts:snorkel":1,"minecraft:arrow":16,"minecraft:rotten_flesh":24,"minecraft:shears":1,"ecologics:coconut_log":4,"minecraft:totem_of_undying":1,"minecraft:mutton":20,"minecraft:bone_block":8,"minecraft:cod":11,"alexsmobs:lobster_tail":3,"minecraft:white_wool":4,"minecraft:cobblestone":42,"born_in_chaos_v1:fused_bone":4,"born_in_chaos_v1:corpse_maggot":7,"minecraft:feather":6,"minecraft:salmon":5,"minecraft:brown_wool":1,"minecraft:leather":4,"minecraft:smoker":2,"minecraft:tuff":18,"minecraft:oak_log":2,"minecraft:gunpowder":1,"minecraft:dirt":37,"minecraft:blue_bed":2,"quark:forgotten_hat":1,"minecraft:bone":10,"minecraft:stone_bricks":5,"minecraft:kelp":2,"minecraft:bow":1,"minecraft:stone_pickaxe":1,"tombstone:bag_of_seeds":2,"minecraft:iron_sword":1,"minecraft:oak_planks":2,"minecraft:book":9,"luminousworld:bass_item":2,"endrem:witch_pupil":3,"minecraft:pumpkin":1,"minecraft:chiseled_stone_bricks":3,"minecraft:spruce_sapling":4,"minecraft:blast_furnace":2,"minecraft:spruce_log":63,"minecraft:dark_oak_log":14,"minecraft:spider_eye":1,"minecraft:barrel":3,"minecraft:bundle":1,"minecraft:purple_bed":11,"minecraft:diamond":6,"luminousworld:blueberry":4,"minecraft:granite":3,"minecraft:gray_wool":1,"minecraft:spruce_button":1,"minecraft:bread":4,"minecraft:emerald":4,"tombstone:magic_scroll":1,"minecraft:netherrack":2,"minecraft:damaged_anvil":1,"minecraft:melon_seeds":1,"minecraft:coal":19},"minecraft:dropped":{"minecraft:enchanted_book":1,"minecraft:candle":1,"luminousworld:blackberry":7,"born_in_chaos_v1:fried_maggot":3,"endrem:witch_pupil":2,"minecraft:crafting_table":1,"minecraft:cooked_porkchop":1,"minecraft:feather":6,"minecraft:spruce_button":1,"minecraft:pufferfish":1,"minecraft:gray_wool":1,"tombstone:magic_scroll":1,"minecraft:mutton":10,"minecraft:wooden_axe":1,"minecraft:string":3,"minecraft:white_wool":4,"minecraft:bucket":1,"minecraft:spruce_sapling":4,"mutantmonsters:hulk_hammer":1,"minecraft:golden_chestplate":1,"minecraft:raw_copper":6,"minecraft:chicken":2,"minecraft:light_gray_wool":1,"aether:leather_gloves":1,"minecraft:shears":1,"minecraft:chiseled_stone_bricks":3,"artifacts:umbrella":1,"minecraft:melon_seeds":1,"minecraft:stone_bricks":1,"minecraft:stone_pickaxe":2,"minecraft:wooden_pickaxe":1,"minecraft:stone_brick_stairs":1},"minecraft:crafted":{"minecraft:spruce_button":1,"minecraft:furnace":3,"minecraft:cooked_mutton":10,"minecraft:iron_boots":1,"born_in_chaos_v1:fried_maggot":5,"minecraft:stone_pickaxe":1,"quark:spruce_chest":2,"minecraft:smoker":1,"sophisticatedbackpacks:iron_backpack":1,"minecraft:cooked_cod":9,"sophisticatedbackpacks:backpack":1,"luminousworld:cooked_bass":2,"minecraft:cooked_porkchop":6,"alexsmobs:cooked_lobster_tail":1,"minecraft:crafting_table":1,"minecraft:spruce_planks":184,"minecraft:baked_potato":9,"minecraft:wooden_pickaxe":1,"minecraft:iron_sword":2,"minecraft:cooked_salmon":5,"minecraft:stone_axe":2,"minecraft:bread":2,"minecraft:air":0,"minecraft:iron_chestplate":1,"minecraft:shield":1,"minecraft:stick":36,"minecraft:iron_ingot":31,"minecraft:iron_pickaxe":1,"minecraft:wooden_axe":1,"minecraft:iron_leggings":1,"minecraft:torch":96}},"DataVersion":3465}