{"stats":{"minecraft:killed_by":{"mutantmonsters:mutant_zombie":1,"minecraft:vindicator":1,"minecraft:zombie":1,"minecraft:skeleton":2},"minecraft:broken":{"minecraft:stone_axe":1,"minecraft:iron_sword":1,"minecraft:iron_helmet":1,"minecraft:iron_pickaxe":2,"aether:leather_gloves":1},"minecraft:killed":{"illagerinvasion:archivist":8,"minecraft:cave_spider":5,"alexsmobs:lobster":4,"minecraft:witch":2,"born_in_chaos_v1:zombie_lumberjack":1,"minecraft:spider":2,"undead_revamp2:thesmoker":2,"naturalist:robin":2,"minecraft:cod":47,"born_in_chaos_v1:siamese_skeletonsright":2,"illagerinvasion:basher":8,"minecraft:skeleton":30,"luminousworld:dark_oak_skeleton":3,"minecraft:chicken":3,"illagerinvasion:provoker":10,"ecologics:coconut_crab":1,"luminousworld:bass_fish":3,"minecraft:illusioner":1,"undead_revamp2:thespitter":2,"enemyexpansion:vampflyer":1,"artifacts:mimic":1,"minecraft:pig":3,"born_in_chaos_v1:diamond_termite":3,"minecraft:salmon":29,"born_in_chaos_v1:glutton_fish":1,"undead_revamp2:theheavy":1,"illagerinvasion:alchemist":1,"luminousworld:crab":1,"minecraft:sheep":13,"minecraft:zombie":48,"illagerinvasion:sorcerer":1,"born_in_chaos_v1:corpse_fly":6,"enemyexpansion:botfly":3,"born_in_chaos_v1:door_knight":1,"luminousworld:dark_oak_zombie":2,"born_in_chaos_v1:siamese_skeletonsleft":1,"minecraft:cow":10,"minecraft:evoker":3,"minecraft:vex":1,"minecraft:vindicator":18,"illagerinvasion:marauder":3,"luminousworld:sunken_skeleton":2,"quark:toretoise":1,"alexsmobs:seagull":1,"enemyexpansion:direwolf":4,"born_in_chaos_v1:maggot":21,"undead_revamp2:coppertar":1,"earthmobsmod:teacup_pig":2,"naturalist:bass":2,"minecraft:drowned":1,"born_in_chaos_v1:corpse_fish":5,"born_in_chaos_v1:barrel_zombie":1,"luminousworld:firefly":1,"minecraft:husk":19,"born_in_chaos_v1:baby_skeleton":1,"born_in_chaos_v1:swarmer":1,"enemyexpansion:sprinter":2,"earthmobsmod:cream_cow":10,"earthmobsmod:wooly_cow":1,"born_in_chaos_v1:decrepit_skeleton":3,"alexsmobs:catfish":1,"undead_revamp2:thesomnolence":1,"alexsmobs:cockroach":1,"born_in_chaos_v1:dark_vortex":1,"enemyexpansion:huntsman":2,"enemyexpansion:slugger":1},"minecraft:custom":{"minecraft:interact_with_crafting_table":73,"minecraft:open_barrel":53,"minecraft:eat_cake_slice":7,"minecraft:leave_game":7,"minecraft:time_since_death":111877,"minecraft:sprint_one_cm":1619975,"minecraft:damage_blocked_by_shield":2310,"minecraft:drop":140,"minecraft:play_noteblock":9,"minecraft:talked_to_villager":6,"minecraft:play_time":543385,"minecraft:deaths":8,"minecraft:interact_with_brewingstand":1,"minecraft:jump":7719,"minecraft:walk_on_water_one_cm":121814,"minecraft:interact_with_furnace":90,"minecraft:interact_with_cartography_table":1,"minecraft:sleep_in_bed":21,"minecraft:damage_dealt":63460,"minecraft:crouch_one_cm":168506,"tombstone:undead_killed":125,"minecraft:interact_with_smoker":46,"minecraft:interact_with_anvil":4,"minecraft:mob_kills":382,"minecraft:damage_dealt_resisted":2737,"minecraft:climb_one_cm":27641,"minecraft:walk_one_cm":845781,"minecraft:sneak_time":51577,"minecraft:walk_under_water_one_cm":158180,"minecraft:boat_one_cm":150615,"minecraft:interact_with_blast_furnace":35,"minecraft:total_world_time":543385,"tombstone:raider_killed":55,"minecraft:tune_noteblock":1,"minecraft:time_since_rest":4393,"minecraft:damage_absorbed":164,"minecraft:damage_taken":12334,"minecraft:swim_one_cm":373719,"minecraft:fly_one_cm":1178419,"minecraft:open_chest":445,"minecraft:fall_one_cm":167571},"minecraft:used":{"minecraft:jack_o_lantern":2,"minecraft:diamond_hoe":3,"minecraft:chest":4,"minecraft:shield":70,"minecraft:iron_sword":520,"minecraft:jungle_planks":16,"minecraft:carrot":23,"naturalist:cooked_bass":2,"minecraft:spruce_boat":1,"minecraft:lantern":1,"luminousworld:blueberry":3,"alexsmobs:cooked_lobster_tail":1,"minecraft:polished_andesite_stairs":1,"minecraft:stone_brick_stairs":1,"minecraft:stone_bricks":6,"minecraft:redstone_lamp":4,"minecraft:bow":38,"minecraft:cooked_cod":42,"minecraft:furnace":7,"minecraft:damaged_anvil":2,"minecraft:stone_pickaxe":76,"minecraft:wooden_pickaxe":15,"luminousworld:groundpebbles_1":1,"minecraft:blue_bed":2,"minecraft:cookie":3,"minecraft:golden_apple":4,"minecraft:mushroom_stew":2,"minecraft:blast_furnace":3,"minecraft:black_bed":2,"minecraft:shears":2,"ad_astra:oil_bucket":1,"minecraft:bread":31,"minecraft:string":12,"minecraft:diamond_sword":787,"minecraft:cooked_rabbit":1,"minecraft:smooth_stone_slab":2,"minecraft:experience_bottle":1,"born_in_chaos_v1:smoked_fish":1,"minecraft:spruce_planks":353,"minecraft:cooked_salmon":16,"born_in_chaos_v1:fried_maggot":15,"minecraft:torch":174,"minecraft:dirt":34,"ecologics:seashell":1,"minecraft:mossy_cobblestone_stairs":1,"minecraft:dark_oak_planks":337,"minecraft:wooden_axe":40,"quark:spruce_chest":4,"minecraft:iron_axe":460,"minecraft:spruce_button":1,"minecraft:barrel":3,"minecraft:beef":1,"tombstone:gift":9,"minecraft:cooked_beef":16,"minecraft:cobbled_deepslate":129,"minecraft:light_gray_bed":6,"minecraft:pumpkin":1,"minecraft:beetroot_soup":1,"minecraft:iron_leggings":1,"minecraft:wheat_seeds":2,"minecraft:cooked_mutton":24,"minecraft:water_bucket":20,"minecraft:iron_ore":49,"luminousworld:blackberry":5,"minecraft:baked_potato":14,"minecraft:brown_mushroom":1,"minecraft:mossy_cobblestone":2,"minecraft:crafting_table":18,"minecraft:cod":2,"minecraft:spruce_log":1,"minecraft:smoker":4,"luminousworld:cooked_bass":2,"tombstone:bag_of_seeds":6,"minecraft:flower_pot":1,"minecraft:diamond_pickaxe":1114,"minecraft:apple":15,"minecraft:iron_pickaxe":894,"tombstone:magic_scroll":1,"minecraft:stone_axe":167,"minecraft:chiseled_stone_bricks":2,"minecraft:cobblestone":13,"minecraft:purple_bed":11,"minecraft:cooked_porkchop":4,"minecraft:bucket":23,"alexsmobs:animal_dictionary":1},"minecraft:mined":{"minecraft:dark_oak_planks":67,"minecraft:spruce_planks":77,"minecraft:jungle_leaves":64,"minecraft:red_nether_bricks":8,"minecraft:spruce_trapdoor":7,"minecraft:granite":3,"minecraft:grass_block":8,"minecraft:mangrove_fence":2,"minecraft:jungle_log":4,"twilightforest:twilight_oak_chest":1,"minecraft:light_gray_bed":6,"minecraft:coal_block":2,"minecraft:chiseled_stone_bricks":9,"minecraft:spawner":12,"minecraft:smooth_stone":3,"minecraft:mossy_cobblestone_stairs":1,"minecraft:iron_ore":103,"minecraft:cobbled_deepslate":11,"minecraft:fire":4,"minecraft:barrel":3,"minecraft:pumpkin":20,"minecraft:stripped_dark_oak_wood":2,"illagerinvasion:magic_fire":7,"minecraft:player_head":1,"minecraft:tripwire":4,"minecraft:green_bed":1,"minecraft:deepslate_redstone_ore":2,"minecraft:brown_mushroom":2,"minecraft:kelp_plant":7,"minecraft:smoker":3,"minecraft:note_block":7,"born_in_chaos_v1:infected_deepslate_diamond_ore":2,"minecraft:torch":28,"minecraft:blast_furnace":11,"minecraft:calcite":8,"minecraft:polished_andesite_stairs":4,"minecraft:chest":1,"born_in_chaos_v1:black_argillite_column_slab":3,"minecraft:smooth_quartz_slab":2,"minecraft:cobblestone":47,"minecraft:oak_planks":2,"minecraft:damaged_anvil":2,"minecraft:wall_torch":23,"minecraft:skeleton_skull":3,"minecraft:repeater":2,"minecraft:jungle_wood":39,"ecologics:seashell":1,"minecraft:pumpkin_stem":9,"minecraft:birch_door":1,"minecraft:black_bed":3,"minecraft:stone_brick_stairs":3,"minecraft:wither_rose":1,"minecraft:smooth_stone_slab":7,"minecraft:grass":8,"minecraft:sand":14,"minecraft:dirt":21,"minecraft:red_mushroom_block":5,"minecraft:netherrack":2,"minecraft:oak_leaves":18,"minecraft:deepslate":322,"minecraft:redstone_lamp":88,"luminousworld:groundpebbles_1":1,"minecraft:tuff":18,"minecraft:mossy_cobblestone":3,"minecraft:dark_oak_leaves":2,"minecraft:deepslate_diamond_ore":6,"minecraft:dark_oak_log":80,"minecraft:jack_o_lantern":2,"minecraft:sea_lantern":1,"luminousworld:mossbuds_1":1,"minecraft:ladder":6,"minecraft:dark_oak_fence":1,"luminousworld:mossbuds_2":1,"luminousworld:whiteoakleaves":1,"ecologics:coconut_log":5,"minecraft:spruce_leaves":19,"minecraft:moss_block":2,"minecraft:kelp":2,"minecraft:large_fern":3,"born_in_chaos_v1:black_argillite_column":16,"minecraft:black_stained_glass_pane":6,"minecraft:furnace":6,"minecraft:gold_block":3,"minecraft:bookshelf":4,"minecraft:vine":3,"minecraft:deepslate_iron_ore":19,"minecraft:lantern":2,"minecraft:packed_ice":1,"minecraft:smooth_quartz_stairs":1,"minecraft:stone":84,"minecraft:bone_block":1101,"minecraft:mangrove_stairs":1,"minecraft:glass_pane":9,"minecraft:crafting_table":17,"placeablesmod:apple_block":2,"minecraft:diorite":10,"minecraft:blue_bed":2,"minecraft:spruce_stairs":2,"minecraft:purple_bed":11,"minecraft:coarse_dirt":2,"luminousworld:black_berry_stage_1":2,"luminousworld:black_berry_stage_0":1,"minecraft:spruce_log":192,"minecraft:mangrove_slab":3,"minecraft:coal_ore":31,"luminousworld:ishstone":1,"minecraft:zombie_head":10,"minecraft:flower_pot":2,"minecraft:gray_carpet":4,"minecraft:cobweb":82,"minecraft:polished_andesite":4,"minecraft:stone_bricks":15,"minecraft:fern":5},"minecraft:picked_up":{"minecraft:iron_chestplate":1,"minecraft:birch_door":1,"minecraft:wheat":3,"luminousworld:blackberry":18,"minecraft:flower_pot":2,"artifacts:umbrella":1,"minecraft:diamond_sword":11,"minecraft:wither_rose":1,"minecraft:enchanted_book":1,"minecraft:stone_brick_stairs":3,"minecraft:string":116,"minecraft:raw_copper":6,"minecraft:smooth_stone_slab":6,"minecraft:iron_leggings":1,"minecraft:beetroot_soup":1,"minecraft:pufferfish":1,"minecraft:zombie_head":10,"minecraft:beetroot":12,"minecraft:cobbled_deepslate":322,"minecraft:smooth_stone":4,"minecraft:spruce_planks":156,"minecraft:calcite":10,"minecraft:iron_pickaxe":3,"minecraft:coal_block":2,"minecraft:smooth_quartz_stairs":1,"minecraft:furnace":6,"minecraft:stick":6,"minecraft:oak_fence":1,"minecraft:torch":56,"minecraft:spruce_stairs":1,"minecraft:porkchop":10,"tombstone:grave_dust":18,"minecraft:diorite":19,"mutantmonsters:hulk_hammer":1,"minecraft:mangrove_stairs":1,"minecraft:light_gray_bed":6,"minecraft:rotten_flesh":83,"born_in_chaos_v1:sea_terror_eye":2,"ecologics:coconut_log":4,"minecraft:cod":45,"alexsmobs:lobster_tail":3,"minecraft:cobblestone":124,"minecraft:leather_chestplate":1,"minecraft:feather":8,"minecraft:repeater":2,"minecraft:jungle_log":5,"minecraft:black_bed":3,"minecraft:brown_wool":5,"minecraft:jungle_wood":37,"minecraft:smoker":3,"minecraft:tuff":18,"minecraft:dirt":55,"minecraft:lantern":2,"minecraft:mangrove_fence":2,"minecraft:bone":39,"minecraft:bow":3,"minecraft:wheat_seeds":1,"minecraft:moss_block":2,"minecraft:oak_planks":2,"luminousworld:bass_item":2,"minecraft:sand":17,"minecraft:mossy_cobblestone":4,"minecraft:dark_oak_log":84,"minecraft:barrel":3,"undead_revamp2:heavytooth":2,"minecraft:bundle":3,"minecraft:polished_andesite":3,"minecraft:diamond":6,"minecraft:spruce_boat":1,"luminousworld:blueberry":4,"minecraft:granite":3,"minecraft:chainmail_helmet":1,"minecraft:bone_meal":3,"minecraft:golden_apple":1,"minecraft:spruce_button":1,"minecraft:emerald":24,"minecraft:bread":5,"minecraft:jack_o_lantern":2,"born_in_chaos_v1:rotten_fish":12,"minecraft:oak_sapling":1,"minecraft:netherrack":2,"minecraft:dark_oak_fence":1,"born_in_chaos_v1:sea_terror_stomach":1,"minecraft:diamond_pickaxe":1,"sophisticatedbackpacks:gold_backpack":1,"luminousworld:groundpebbles_1":2,"minecraft:crafting_table":19,"born_in_chaos_v1:diamond_termite_shard":3,"minecraft:chicken":3,"minecraft:ladder":2,"minecraft:turtle_helmet":2,"minecraft:redstone_lamp":88,"minecraft:brown_mushroom":2,"ecologics:seashell":1,"minecraft:cooked_rabbit":1,"minecraft:gold_block":3,"aether:leather_gloves":1,"born_in_chaos_v1:black_argillite_column":16,"illagerinvasion:unusual_dust":1,"minecraft:iron_axe":4,"minecraft:iron_shovel":2,"minecraft:candle":1,"minecraft:beef":37,"minecraft:player_head":1,"minecraft:iron_nugget":41,"minecraft:light_gray_wool":2,"minecraft:chest":2,"minecraft:spruce_trapdoor":7,"minecraft:dark_oak_sapling":1,"minecraft:raw_iron":123,"twilightforest:twilight_oak_chest":1,"minecraft:note_block":6,"minecraft:cookie":15,"minecraft:carrot":1,"minecraft:trident":1,"born_in_chaos_v1:pieceofdarkmetal":1,"minecraft:redstone":9,"minecraft:prismarine_crystals":3,"minecraft:dark_oak_planks":66,"artifacts:snorkel":2,"minecraft:arrow":56,"minecraft:beetroot_seeds":4,"minecraft:shears":1,"minecraft:stripped_dark_oak_wood":2,"minecraft:totem_of_undying":3,"minecraft:mutton":33,"minecraft:bone_block":2214,"minecraft:skeleton_skull":3,"minecraft:white_wool":8,"born_in_chaos_v1:fused_bone":4,"born_in_chaos_v1:corpse_maggot":19,"born_in_chaos_v1:black_argillite_column_slab":1,"minecraft:salmon":22,"luminousworld:ishstone":1,"minecraft:leather":19,"minecraft:red_mushroom":2,"minecraft:filled_map":2,"minecraft:oak_log":2,"minecraft:chainmail_chestplate":1,"minecraft:gunpowder":1,"minecraft:blue_bed":2,"minecraft:paper":7,"tombstone:gift":1,"quark:forgotten_hat":1,"naturalist:bass":2,"minecraft:stone_bricks":13,"minecraft:apple":2,"minecraft:gray_carpet":9,"minecraft:kelp":2,"minecraft:rabbit_hide":4,"minecraft:iron_ingot":1,"minecraft:stone_pickaxe":1,"tombstone:bag_of_seeds":3,"minecraft:glass_bottle":2,"minecraft:iron_sword":9,"minecraft:book":17,"minecraft:polished_andesite_stairs":4,"endrem:witch_pupil":3,"minecraft:pumpkin":21,"minecraft:chiseled_stone_bricks":9,"born_in_chaos_v1:ethereal_spirit":1,"born_in_chaos_v1:dark_rod":1,"minecraft:spruce_sapling":4,"minecraft:blast_furnace":11,"minecraft:spruce_log":193,"minecraft:nether_brick_slab":5,"minecraft:spider_eye":3,"minecraft:pumpkin_seeds":17,"minecraft:purple_bed":11,"minecraft:stone_axe":2,"minecraft:iron_helmet":1,"minecraft:mossy_cobblestone_stairs":1,"minecraft:gray_wool":1,"tombstone:magic_scroll":3,"minecraft:melon_seeds":1,"minecraft:damaged_anvil":2,"minecraft:netherite_hoe":1,"minecraft:smooth_quartz_slab":2,"minecraft:coal":39},"minecraft:dropped":{"minecraft:iron_sword":2,"minecraft:candle":1,"minecraft:brown_mushroom":1,"born_in_chaos_v1:fried_maggot":3,"minecraft:glass_bottle":2,"minecraft:crafting_table":1,"minecraft:cooked_porkchop":1,"minecraft:leather":3,"sophisticatedbackpacks:gold_backpack":1,"minecraft:dirt":6,"minecraft:dark_oak_fence":1,"minecraft:mutton":10,"minecraft:pumpkin_pie":3,"minecraft:bone_block":1105,"minecraft:iron_pickaxe":1,"minecraft:white_wool":5,"minecraft:stone_axe":2,"mutantmonsters:hulk_hammer":1,"minecraft:golden_chestplate":1,"minecraft:cooked_chicken":1,"minecraft:beetroot":24,"minecraft:rotten_flesh":24,"aether:leather_gloves":1,"minecraft:cooked_mutton":7,"minecraft:carrot":10,"minecraft:chainmail_chestplate":1,"minecraft:chiseled_stone_bricks":3,"minecraft:leather_chestplate":1,"artifacts:umbrella":1,"minecraft:beetroot_seeds":4,"minecraft:melon_seeds":1,"minecraft:stone_brick_stairs":1,"minecraft:enchanted_book":1,"minecraft:wheat_seeds":1,"luminousworld:blackberry":7,"minecraft:mossy_cobblestone":1,"endrem:witch_pupil":2,"minecraft:feather":7,"minecraft:iron_helmet":1,"minecraft:cobblestone":4,"born_in_chaos_v1:black_argillite_column_slab":1,"minecraft:spruce_button":1,"minecraft:spruce_stairs":1,"minecraft:coal":2,"minecraft:polished_andesite":1,"minecraft:pufferfish":1,"minecraft:iron_block":4,"minecraft:gray_wool":1,"artifacts:snorkel":1,"minecraft:diorite":17,"tombstone:magic_scroll":1,"minecraft:wooden_axe":1,"minecraft:brown_wool":3,"minecraft:iron_leggings":1,"minecraft:polished_andesite_stairs":3,"minecraft:iron_axe":1,"minecraft:smooth_stone":1,"minecraft:paper":2,"minecraft:iron_shovel":1,"minecraft:string":10,"minecraft:bucket":1,"minecraft:gray_carpet":9,"minecraft:spruce_sapling":4,"minecraft:nether_brick_slab":5,"minecraft:raw_copper":6,"minecraft:smooth_stone_slab":2,"minecraft:bowl":2,"minecraft:chicken":2,"minecraft:light_gray_wool":2,"minecraft:shears":1,"minecraft:diamond_sword":2,"minecraft:filled_map":1,"minecraft:spruce_trapdoor":1,"minecraft:spruce_planks":1,"minecraft:diamond_pickaxe":1,"luminousworld:groundpebbles_1":1,"minecraft:oak_sapling":1,"minecraft:stone_bricks":3,"minecraft:stone_pickaxe":2,"minecraft:wooden_pickaxe":1,"minecraft:calcite":5},"minecraft:crafted":{"minecraft:cooked_chicken":1,"naturalist:cooked_bass":2,"minecraft:cooked_mutton":31,"minecraft:bow":1,"minecraft:iron_boots":1,"minecraft:chest":3,"minecraft:smoker":1,"born_in_chaos_v1:smoked_fish":1,"sophisticatedbackpacks:backpack":1,"luminousworld:cooked_bass":2,"minecraft:cooked_porkchop":6,"minecraft:crafting_table":2,"minecraft:spruce_planks":464,"minecraft:wooden_pickaxe":1,"minecraft:baked_potato":14,"minecraft:iron_chestplate":1,"minecraft:diamond_pickaxe":1,"minecraft:shield":1,"minecraft:stick":56,"minecraft:iron_ingot":142,"minecraft:iron_pickaxe":1,"minecraft:iron_block":23,"minecraft:gold_ingot":19,"minecraft:spruce_button":1,"minecraft:furnace":3,"born_in_chaos_v1:fried_maggot":18,"minecraft:stone_pickaxe":1,"minecraft:spruce_boat":1,"quark:spruce_chest":8,"minecraft:dark_oak_planks":288,"sophisticatedbackpacks:iron_backpack":1,"minecraft:cooked_beef":36,"minecraft:cooked_cod":42,"alexsmobs:cooked_lobster_tail":1,"minecraft:iron_sword":3,"minecraft:cooked_salmon":22,"sophisticatedbackpacks:gold_backpack":1,"minecraft:stone_axe":2,"minecraft:jungle_planks":28,"minecraft:bread":2,"minecraft:air":0,"minecraft:wooden_axe":1,"minecraft:iron_leggings":1,"minecraft:torch":96}},"DataVersion":3465}